Speed,ElapsedTimeSeconds
0.326640,0.095000
0.427040,0.125000
0.581938,0.283000
0.492664,0.300000
0.358688,0.311000
0.363070,0.322000
0.348384,0.334000
0.328434,0.344000
0.342152,0.356000
0.322958,0.369000
0.332543,0.382000
0.313014,0.394000
0.296155,0.405000
0.284662,0.416000
0.280839,0.427000
0.263731,0.438000
0.260595,0.449000
0.264244,0.460000
0.258000,0.471000
0.252640,0.482000
0.250738,0.494000
0.248694,0.505000
0.243071,0.517000
0.232407,0.527000
0.232908,0.538000
0.230887,0.550000
0.230482,0.561000
0.239487,0.573000
0.221871,0.584000
0.221334,0.595000
0.210970,0.606000
0.219793,0.617000
0.219467,0.631000
0.237816,0.641000
0.199497,0.652000
0.200727,0.663000
0.201800,0.673000
0.197129,0.683000
0.213802,0.695000
0.210669,0.707000
0.207654,0.717000
0.196323,0.728000
0.203905,0.740000
0.212594,0.751000
0.189699,0.762000
0.204707,0.773000
0.000000,0.784000
0.000000,0.796000
0.000000,0.807000
0.000000,0.817000
0.000000,0.828000
0.000000,0.839000
0.000000,0.850000
0.000000,0.860000
0.000000,0.871000
0.000000,0.881000
0.000000,0.892000
0.000000,0.903000
0.000000,0.913000
0.000000,0.924000
0.000000,0.934000
0.000000,0.947000
0.000000,0.959000
0.000000,0.970000
0.000000,0.982000
0.000000,0.995000
0.000000,1.008000
0.000000,1.020000
0.000000,1.032000
0.000000,1.045000
0.000000,1.058000
0.000000,1.071000
0.000000,1.082000
0.000000,1.093000
0.000000,1.104000
0.000000,1.116000
0.000000,1.126000
0.000000,1.136000
0.000000,1.147000
0.000000,1.158000
0.000000,1.168000
0.000000,1.178000
0.000000,1.190000
0.000000,1.201000
0.000000,1.210000
0.000000,1.221000
0.182709,1.232000
0.191641,1.243000
0.193840,1.254000
0.198807,1.264000
0.191678,1.275000
0.232092,1.286000
0.199395,1.296000
0.196738,1.308000
0.269769,1.320000
0.207087,1.332000
0.192977,1.342000
0.189661,1.352000
0.199663,1.364000
0.194824,1.374000
0.188058,1.384000
0.268597,1.396000
0.372540,1.407000
0.470795,1.418000
0.573285,1.428000
0.646451,1.440000
0.852985,1.451000
0.965753,1.463000
1.132819,1.473000
1.204960,1.484000
1.344219,1.495000
1.624866,1.506000
1.770369,1.516000
1.884448,1.528000
2.140661,1.539000
2.285025,1.550000
2.498958,1.561000
2.694647,1.572000
2.847541,1.583000
3.037559,1.594000
3.222447,1.605000
3.400992,1.616000
3.582508,1.627000
3.786221,1.638000
3.964024,1.649000
4.150010,1.660000
4.334579,1.671000
4.524567,1.682000
4.714952,1.692000
4.908559,1.705000
5.104121,1.716000
5.302065,1.727000
5.502525,1.738000
5.704024,1.749000
5.908412,1.761000
6.108155,1.771000
6.313976,1.781000
6.525093,1.791000
6.733601,1.803000
6.938613,1.814000
7.142941,1.825000
7.343702,1.836000
7.536673,1.846000
7.728164,1.857000
7.920641,1.868000
8.112403,1.879000
8.307626,1.891000
8.506892,1.902000
8.705888,1.912000
8.902160,1.924000
9.100762,1.935000
9.305827,1.946000
9.513478,1.956000
9.732308,1.969000
9.974078,1.981000
10.215484,1.992000
10.444436,2.003000
10.673469,2.014000
10.914473,2.025000
11.157445,2.036000
11.400434,2.048000
11.653468,2.059000
11.907943,2.070000
12.158264,2.080000
12.408957,2.091000
12.660387,2.102000
12.903024,2.112000
13.149521,2.124000
13.396658,2.135000
13.632360,2.145000
13.868012,2.155000
14.105762,2.166000
14.336726,2.176000
14.566820,2.187000
14.799238,2.198000
15.028000,2.209000
15.274199,2.221000
15.561922,2.232000
15.857699,2.242000
16.159113,2.253000
16.462667,2.264000
16.755764,2.275000
17.034233,2.286000
17.300533,2.297000
17.572149,2.306000
17.854477,2.319000
18.155960,2.330000
18.479891,2.343000
18.813519,2.356000
19.145172,2.368000
19.463818,2.380000
19.794785,2.393000
20.138052,2.406000
20.467720,2.419000
20.791521,2.432000
21.098721,2.443000
21.393291,2.454000
21.683138,2.465000
21.956381,2.475000
22.226929,2.486000
22.508570,2.497000
22.795868,2.508000
23.080057,2.520000
23.365431,2.531000
23.651234,2.541000
23.656212,2.552000
23.653950,2.563000
23.662737,2.573000
23.655365,2.584000
23.490051,2.595000
23.642670,2.605000
23.646378,2.616000
23.638033,2.626000
23.646160,2.637000
23.809164,2.648000
24.342543,2.659000
24.837646,2.670000
25.323267,2.681000
25.788347,2.692000
26.220119,2.703000
26.638012,2.713000
27.055471,2.725000
27.455215,2.736000
27.834074,2.747000
28.202877,2.758000
28.557947,2.768000
28.896301,2.780000
29.237537,2.791000
29.574131,2.802000
29.896053,2.813000
30.211254,2.824000
30.517391,2.835000
30.813726,2.845000
31.106482,2.856000
31.403284,2.868000
31.693178,2.878000
31.970406,2.888000
32.251221,2.900000
32.545280,2.912000
32.833832,2.922000
33.107510,2.934000
33.373489,2.944000
33.637012,2.954000
33.905499,2.966000
34.171692,2.977000
34.427898,2.988000
34.705364,3.000000
34.995415,3.011000
35.261444,3.022000
35.511478,3.033000
35.760426,3.044000
36.024292,3.056000
36.285065,3.066000
36.531876,3.076000
36.779644,3.088000
37.025440,3.098000
37.270058,3.109000
37.247849,3.120000
37.239330,3.131000
37.234486,3.141000
37.230804,3.152000
37.225677,3.163000
37.224224,3.174000
37.221004,3.184000
37.217812,3.195000
37.214748,3.205000
37.412071,3.216000
37.773235,3.226000
38.111202,3.237000
38.444733,3.248000
38.775204,3.259000
39.084129,3.270000
39.373959,3.280000
39.657753,3.291000
39.937950,3.301000
40.206375,3.312000
40.474205,3.322000
40.732491,3.333000
40.980568,3.344000
41.235031,3.355000
41.485332,3.365000
41.728649,3.376000
41.971607,3.388000
42.207844,3.398000
42.438435,3.410000
42.667759,3.420000
42.897755,3.431000
43.125896,3.442000
43.343830,3.453000
43.552753,3.463000
43.760265,3.473000
43.964787,3.484000
44.172256,3.494000
44.381428,3.505000
44.586575,3.516000
44.796036,3.527000
45.009674,3.538000
45.218929,3.549000
45.424595,3.560000
45.636475,3.571000
45.843700,3.581000
46.041176,3.592000
46.243259,3.604000
46.447979,3.614000
46.649632,3.625000
46.849342,3.636000
47.047058,3.647000
47.241722,3.656000
47.436798,3.668000
47.632420,3.678000
47.829426,3.689000
48.028168,3.700000
48.226559,3.711000
48.427803,3.722000
48.627071,3.732000
48.820301,3.744000
49.012943,3.754000
49.202175,3.764000
49.390812,3.775000
49.585411,3.785000
49.781921,3.796000
49.979591,3.808000
50.175243,3.818000
50.369091,3.829000
50.561707,3.840000
50.756557,3.850000
50.949215,3.861000
51.144279,3.872000
51.344101,3.883000
51.539856,3.894000
51.733425,3.904000
51.923649,3.915000
52.110783,3.926000
52.296722,3.935000
52.485115,3.946000
52.678772,3.958000
52.874332,3.968000
53.067192,3.979000
53.263210,3.990000
53.458492,4.000000
53.650986,4.012000
53.651005,4.023000
53.645454,4.035000
53.639408,4.047000
53.633812,4.059000
53.627964,4.070000
53.622429,4.080000
53.617119,4.091000
53.611557,4.102000
53.606071,4.113000
53.857605,4.123000
54.123428,4.135000
54.381149,4.146000
54.628658,4.158000
54.866089,4.168000
55.091793,4.179000
55.306011,4.190000
55.517132,4.200000
55.724205,4.212000
55.926640,4.222000
56.123825,4.233000
56.407375,4.244000
56.505936,4.255000
56.695717,4.266000
56.875546,4.276000
57.051559,4.287000
57.221333,4.296000
57.392487,4.308000
57.569996,4.319000
57.739147,4.330000
57.902161,4.339000
58.067848,4.351000
58.229542,4.360000
58.386127,4.371000
58.545147,4.382000
58.705280,4.393000
58.864819,4.404000
59.023521,4.414000
59.176712,4.425000
59.330544,4.436000
59.485661,4.445000
59.641068,4.457000
59.797596,4.468000
59.951569,4.478000
60.104881,4.489000
60.258472,4.499000
60.411961,4.510000
60.566509,4.521000
60.720627,4.532000
60.874645,4.543000
61.029995,4.554000
61.183941,4.565000
61.338661,4.575000
61.491047,4.586000
61.637112,4.597000
61.783543,4.607000
61.930569,4.619000
62.067760,4.629000
62.195057,4.640000
62.319855,4.651000
62.439259,4.663000
62.546371,4.673000
62.640739,4.683000
62.725899,4.694000
62.802464,4.705000
62.868885,4.715000
62.925320,4.726000
62.970413,4.737000
63.017384,4.749000
63.093380,4.759000
63.194439,4.770000
63.317410,4.781000
63.461151,4.792000
63.613922,4.803000
63.763924,4.814000
63.913162,4.824000
64.059891,4.835000
64.201988,4.846000
64.345589,4.857000
64.492477,4.869000
64.635147,4.879000
64.775146,4.890000
64.915955,4.900000
65.053871,4.912000
65.195793,4.922000
65.339157,4.933000
65.479294,4.944000
65.692490,4.955000
65.765167,4.966000
65.910973,4.977000
66.057762,4.988000
66.198769,5.000000
66.330269,5.011000
66.451981,5.022000
66.565689,5.033000
66.671318,5.044000
66.769974,5.055000
66.880333,5.068000
67.019699,5.079000
67.171463,5.090000
67.325241,5.101000
67.471550,5.111000
67.620995,5.123000
67.776352,5.133000
67.927086,5.143000
68.076668,5.155000
68.227615,5.165000
68.378265,5.176000
68.529305,5.188000
68.677826,5.198000
68.826431,5.209000
68.975960,5.220000
69.121933,5.231000
69.263390,5.241000
69.407768,5.252000
69.556419,5.263000
69.707626,5.275000
69.859444,5.285000
70.009872,5.297000
70.159401,5.308000
70.306702,5.318000
70.451050,5.329000
70.594048,5.339000
70.735535,5.349000
70.878418,5.360000
71.023964,5.370000
71.167068,5.381000
71.314125,5.392000
71.466965,5.403000
71.615173,5.414000
71.760193,5.425000
71.907928,5.436000
72.054771,5.446000
72.199394,5.456000
72.344719,5.467000
72.490555,5.478000
72.636955,5.489000
72.784286,5.500000
72.999870,5.511000
73.073326,5.522000
73.219604,5.534000
73.357941,5.544000
73.484833,5.556000
73.605873,5.566000
73.715752,5.578000
73.698166,5.589000
73.636002,5.599000
73.566574,5.611000
73.516777,5.621000
73.488365,5.632000
73.474365,5.642000
73.465950,5.653000
73.456787,5.664000
73.446693,5.674000
73.516846,5.686000
73.701569,5.697000
73.883507,5.708000
74.058243,5.718000
74.224731,5.729000
74.395203,5.740000
74.560608,5.750000
74.711868,5.761000
74.860115,5.771000
75.007210,5.783000
75.152672,5.793000
75.296722,5.805000
75.435226,5.815000
75.567307,5.826000
75.697693,5.836000
75.826248,5.847000
75.950188,5.858000
76.077209,5.869000
76.207520,5.880000
76.338631,5.892000
76.463730,5.903000
76.583931,5.913000
76.707527,5.925000
76.826241,5.935000
76.934853,5.946000
77.038071,5.957000
77.134232,5.966000
77.222290,5.978000
77.303619,5.990000
77.372917,6.000000
77.441864,6.012000
77.533585,6.022000
77.639053,6.033000
77.752480,6.043000
77.865486,6.053000
77.975609,6.064000
78.090591,6.075000
78.270454,6.087000
78.334007,6.099000
78.451401,6.110000
78.560593,6.120000
78.668724,6.131000
78.774910,6.142000
78.880867,6.152000
78.986931,6.163000
79.091080,6.172000
79.196587,6.184000
79.308029,6.195000
79.416954,6.206000
79.523529,6.216000
79.632935,6.227000
79.740074,6.238000
79.844467,6.248000
79.952240,6.260000
80.059013,6.270000
80.165138,6.281000
80.272194,6.291000
80.378914,6.302000
80.486656,6.312000
80.595734,6.324000
80.706490,6.335000
80.814346,6.345000
80.921486,6.356000
81.029259,6.366000
81.135117,6.377000
81.247063,6.389000
81.363098,6.400000
81.472221,6.410000
81.580933,6.421000
81.691750,6.432000
81.801872,6.443000
81.912231,6.454000
82.022377,6.465000
82.130684,6.476000
82.238869,6.486000
82.349541,6.498000
82.457199,6.510000
82.552612,6.520000
82.639290,6.531000
82.717262,6.542000
82.783432,6.552000
82.838020,6.563000
82.882195,6.575000
82.913162,6.585000
82.931694,6.596000
82.940186,6.606000
82.939270,6.617000
82.930954,6.628000
82.905479,6.639000
82.894020,6.649000
82.866905,6.660000
82.833771,6.670000
82.797089,6.681000
82.756058,6.693000
82.709404,6.704000
82.660393,6.715000
82.610695,6.725000
82.557892,6.736000
82.501671,6.747000
82.444412,6.756000
82.386620,6.767000
82.326584,6.779000
82.263863,6.789000
82.199135,6.801000
82.133919,6.811000
82.068970,6.822000
82.003937,6.833000
81.937309,6.844000
81.869339,6.854000
81.800766,6.865000
81.732018,6.875000
81.660858,6.887000
81.590027,6.898000
81.521118,6.908000
81.450714,6.920000
81.381012,6.930000
81.311104,6.940000
81.239586,6.952000
81.168358,6.962000
81.096748,6.974000
81.022469,6.984000
80.912155,6.996000
80.874527,7.008000
80.798607,7.019000
80.721870,7.031000
80.646255,7.041000
80.571404,7.053000
80.496506,7.064000
80.424286,7.075000
80.353867,7.085000
80.283653,7.096000
80.213104,7.106000
80.135750,7.119000
80.052666,7.131000
79.976173,7.142000
79.905426,7.152000
79.835472,7.163000
79.764000,7.174000
79.692665,7.185000
79.621796,7.195000
79.550179,7.206000
79.479317,7.218000
79.409256,7.228000
79.337593,7.239000
79.265953,7.250000
79.196968,7.260000
79.126740,7.271000
79.056297,7.282000
78.986542,7.292000
78.965935,7.304000
78.955299,7.314000
78.945580,7.325000
78.936134,7.336000
78.926544,7.346000
78.917221,7.356000
78.907753,7.367000
78.898315,7.377000
78.888878,7.388000
78.797859,7.399000
78.582726,7.410000
78.369759,7.420000
78.165276,7.431000
77.967773,7.442000
77.779930,7.453000
77.599533,7.463000
77.425644,7.474000
77.256248,7.485000
77.094162,7.496000
76.938416,7.506000
76.787514,7.518000
76.640465,7.529000
76.492569,7.540000
76.349060,7.550000
76.210327,7.561000
76.067917,7.572000
75.868584,7.584000
75.803642,7.593000
75.673767,7.605000
75.546806,7.616000
75.424744,7.626000
75.302200,7.636000
75.177208,7.648000
75.052940,7.660000
74.933006,7.669000
74.816925,7.680000
74.703224,7.690000
74.590347,7.701000
74.477768,7.711000
74.365219,7.722000
74.253769,7.732000
74.142586,7.743000
74.029022,7.754000
73.918198,7.765000
73.807167,7.775000
73.695000,7.786000
73.586250,7.796000
73.479233,7.807000
73.319817,7.816000
73.265411,7.827000
73.155655,7.838000
73.046783,7.849000
72.941299,7.858000
72.830978,7.871000
72.720192,7.880000
72.614410,7.892000
72.506081,7.902000
72.399010,7.913000
72.287788,7.924000
72.174568,7.935000
72.068474,7.945000
71.965340,7.956000
71.860718,7.967000
71.754318,7.978000
71.647079,7.988000
71.541412,7.999000
71.437431,8.009000
71.334648,8.020000
71.173775,8.031000
71.120743,8.042000
71.017113,8.052000
70.912682,8.063000
70.805695,8.073000
70.702286,8.084000
70.600845,8.094000
70.497452,8.105000
70.394234,8.115000
70.292221,8.126000
70.185753,8.138000
70.071449,8.150000
69.961212,8.160000
69.857727,8.172000
69.753975,8.183000
69.652687,8.193000
69.548088,8.205000
69.442535,8.214000
69.343185,8.225000
69.243858,8.235000
69.142303,8.246000
69.041878,8.257000
68.941849,8.266000
68.842918,8.278000
68.742355,8.289000
68.639488,8.299000
68.523903,8.311000
68.393318,8.322000
68.257347,8.333000
68.110695,8.344000
67.953941,8.354000
67.777321,8.366000
67.586235,8.377000
67.392281,8.389000
67.188286,8.399000
66.975906,8.410000
66.749924,8.420000
66.505646,8.431000
66.248940,8.442000
65.981300,8.453000
65.705940,8.464000
65.431427,8.473000
65.149910,8.485000
64.867882,8.495000
64.585007,8.506000
64.302399,8.516000
64.025024,8.526000
63.732719,8.538000
63.439125,8.548000
63.163773,8.559000
62.870605,8.569000
62.569843,8.581000
62.287590,8.590000
62.007599,8.602000
61.745087,8.613000
61.522625,8.623000
61.307220,8.633000
61.089100,8.644000
60.866615,8.655000
60.642311,8.666000
60.417141,8.677000
60.192116,8.686000
59.965240,8.698000
59.734562,8.709000
59.287281,8.720000
58.842823,8.731000
58.394981,8.742000
57.941048,8.754000
57.517570,8.764000
57.114449,8.775000
56.699955,8.787000
56.281910,8.798000
55.889400,8.808000
55.515163,8.819000
55.138412,8.830000
54.758656,8.842000
54.374840,8.853000
53.994469,8.864000
53.634655,8.874000
53.111427,8.885000
52.938335,8.895000
52.597275,8.906000
52.266117,8.916000
51.939297,8.927000
51.603344,8.938000
51.272282,8.948000
50.941761,8.959000
50.609032,8.970000
50.286133,8.981000
49.957123,8.992000
49.629189,9.002000
49.306770,9.013000
48.976742,9.024000
48.652184,9.035000
48.337147,9.045000
48.010845,9.057000
47.674511,9.069000
47.352356,9.079000
47.035000,9.090000
46.714905,9.101000
46.405781,9.112000
46.092712,9.122000
45.780121,9.133000
45.471943,9.144000
45.210720,9.154000
44.982834,9.166000
44.743126,9.178000
44.512825,9.189000
44.292233,9.199000
44.065800,9.211000
43.836296,9.221000
43.616619,9.232000
43.396446,9.243000
43.169052,9.255000
42.619747,9.265000
42.098454,9.276000
41.598724,9.286000
41.113083,9.297000
40.613884,9.309000
40.120525,9.319000
39.662472,9.330000
39.213020,9.341000
38.759857,9.352000
38.315037,9.363000
37.888462,9.373000
37.469032,9.385000
37.057240,9.395000
36.653385,9.406000
36.256523,9.418000
35.876095,9.429000
35.489380,9.440000
35.093521,9.451000
34.720531,9.461000
34.362247,9.471000
33.999817,9.482000
33.622692,9.492000
33.242538,9.504000
32.858047,9.514000
32.471828,9.525000
32.098534,9.535000
31.739183,9.546000
31.397509,9.556000
31.077528,9.567000
30.756914,9.578000
30.426504,9.590000
30.087790,9.601000
29.756618,9.612000
29.265558,9.622000
29.103476,9.634000
28.788904,9.644000
28.475916,9.655000
28.158289,9.666000
27.855349,9.676000
27.554491,9.687000
27.254534,9.696000
26.960590,9.708000
26.652653,9.719000
26.332159,9.730000
26.021973,9.741000
25.717279,9.753000
25.494696,9.763000
25.278940,9.774000
25.067038,9.784000
24.859449,9.795000
24.645044,9.805000
24.427399,9.816000
24.211298,9.827000
23.987297,9.838000
23.765371,9.849000
23.324671,9.859000
22.693563,9.871000
22.104298,9.880000
21.550976,9.892000
20.998331,9.902000
20.482079,9.913000
20.012741,9.924000
19.580458,9.935000
19.188248,9.945000
18.822294,9.955000
18.477133,9.966000
18.162277,9.977000
17.879002,9.987000
17.616827,9.998000
17.367483,10.009000
17.130335,10.020000
16.787811,10.031000
16.671850,10.041000
16.449995,10.053000
16.241478,10.064000
16.036760,10.076000
15.838458,10.086000
15.655837,10.097000
15.484338,10.108000
15.315801,10.118000
15.154342,10.129000
15.004248,10.140000
14.865596,10.151000
14.743202,10.161000
14.636191,10.173000
14.545976,10.183000
14.473340,10.196000
14.421680,10.206000
14.395391,10.217000
14.392176,10.228000
14.412086,10.238000
14.457035,10.249000
14.526218,10.260000
14.618487,10.270000
14.731858,10.282000
14.868322,10.292000
15.020375,10.303000
15.180154,10.314000
15.352774,10.325000
15.529319,10.335000
15.706913,10.346000
15.893851,10.356000
16.083937,10.367000
16.270535,10.379000
16.448198,10.389000
16.608318,10.400000
16.744040,10.410000
16.857571,10.421000
16.944813,10.431000
17.003626,10.441000
17.034527,10.452000
17.035088,10.462000
17.008142,10.473000
16.955721,10.483000
16.877590,10.495000
16.779716,10.506000
16.672297,10.516000
16.560696,10.527000
16.445135,10.538000
16.340149,10.549000
16.282385,10.559000
16.276169,10.572000
16.290487,10.582000
16.334368,10.593000
16.396202,10.604000
16.474289,10.615000
16.565336,10.626000
16.667933,10.637000
16.779766,10.647000
16.901571,10.658000
17.032835,10.668000
17.170507,10.679000
17.327051,10.689000
17.502584,10.700000
17.687765,10.710000
17.886383,10.721000
18.099375,10.731000
18.320078,10.742000
18.549006,10.754000
18.778811,10.764000
19.015446,10.775000
19.265858,10.787000
19.520643,10.798000
19.766977,10.808000
20.010176,10.819000
20.258493,10.829000
20.514845,10.840000
20.772503,10.851000
21.019804,10.860000
21.262592,10.872000
21.510181,10.882000
21.753784,10.893000
21.990120,10.903000
22.225504,10.914000
22.456959,10.924000
22.681946,10.935000
22.904375,10.946000
23.126102,10.957000
23.338829,10.968000
23.291855,10.978000
23.228415,10.989000
23.166903,10.999000
23.089035,11.011000
23.004057,11.021000
22.929380,11.032000
22.845135,11.042000
22.744570,11.053000
22.643028,11.064000
22.538185,11.074000
22.998716,11.086000
23.380762,11.097000
23.727308,11.106000
24.093975,11.119000
24.525372,11.132000
24.989223,11.144000
25.470604,11.156000
25.976034,11.170000
26.491009,11.182000
26.978195,11.195000
27.439608,11.208000
27.891867,11.220000
28.300844,11.232000
28.654749,11.243000
28.981693,11.253000
29.460573,11.265000
29.625818,11.277000
29.942381,11.288000
30.241226,11.298000
30.536484,11.309000
30.827888,11.319000
31.114517,11.330000
31.412830,11.340000
31.701929,11.351000
31.975153,11.362000
32.262547,11.374000
32.555805,11.385000
32.835213,11.396000
33.101479,11.406000
33.362148,11.416000
33.618626,11.427000
33.876209,11.438000
34.132271,11.448000
34.383320,11.459000
34.637108,11.470000
34.896488,11.481000
35.156773,11.492000
35.407539,11.503000
35.646839,11.513000
35.882675,11.525000
36.110313,11.535000
36.323330,11.545000
36.530575,11.557000
36.732903,11.568000
36.938099,11.579000
36.957119,11.591000
36.893116,11.602000
36.811794,11.613000
36.717682,11.624000
36.615635,11.635000
36.508877,11.646000
36.391415,11.657000
36.260963,11.668000
36.124298,11.678000
35.978226,11.690000
36.188892,11.700000
36.342499,11.712000
36.454361,11.722000
36.523087,11.734000
36.547501,11.744000
36.534092,11.755000
36.485329,11.766000
36.403683,11.777000
36.289856,11.789000
36.144302,11.800000
35.972706,11.812000
35.783493,11.823000
35.497536,11.834000
35.038086,11.845000
34.635895,11.856000
34.407612,11.867000
34.167770,11.878000
33.930691,11.889000
33.696419,11.901000
33.468807,11.911000
33.249332,11.922000
33.040794,11.933000
32.842247,11.943000
32.649750,11.955000
32.469238,11.965000
32.299469,11.976000
32.130852,11.988000
31.969921,12.000000
31.842070,12.010000
31.745157,12.021000
31.682976,12.032000
31.662973,12.044000
31.688398,12.056000
31.766474,12.066000
31.887665,12.078000
32.043926,12.090000
32.237907,12.101000
32.437000,12.112000
32.647972,12.123000
32.872421,12.134000
32.913475,12.145000
33.152393,12.157000
33.390678,12.168000
33.620102,12.178000
33.838673,12.190000
34.052315,12.200000
34.262539,12.212000
34.471081,12.223000
34.669930,12.234000
34.874748,12.247000
35.077328,12.259000
35.258099,12.269000
35.424389,12.281000
35.585831,12.291000
35.742996,12.303000
35.889854,12.313000
36.029324,12.324000
36.161934,12.335000
36.369484,12.347000
36.475658,12.358000
36.587013,12.369000
36.685211,12.381000
36.770985,12.392000
36.854561,12.404000
36.928898,12.414000
36.992615,12.426000
37.046810,12.436000
37.091686,12.447000
37.127758,12.458000
37.155949,12.471000
37.174297,12.483000
37.180695,12.496000
37.174385,12.510000
37.154907,12.522000
37.123844,12.534000
37.092026,12.547000
37.089169,12.560000
37.125954,12.573000
37.201393,12.584000
37.303955,12.595000
37.438660,12.606000
37.577763,12.617000
37.706860,12.628000
37.832855,12.638000
37.959885,12.649000
38.087921,12.659000
38.221043,12.672000
38.356373,12.682000
38.484680,12.693000
38.610477,12.705000
38.732357,12.716000
38.845181,12.726000
38.949604,12.738000
39.297142,12.748000
39.604706,12.759000
39.841244,12.770000
40.059448,12.781000
40.267063,12.791000
40.460827,12.802000
40.647026,12.814000
40.831528,12.825000
41.001221,12.837000
41.044403,12.847000
41.110195,12.858000
41.151810,12.869000
41.290337,12.880000
41.515919,12.890000
41.737480,12.902000
41.971981,12.912000
42.226711,12.925000
42.494846,12.936000
42.741222,12.947000
42.966068,12.957000
43.086044,12.969000
43.248844,12.981000
43.395233,12.991000
43.529488,13.002000
43.657341,13.013000
43.780304,13.024000
43.899570,13.034000
44.222149,13.045000
44.521091,13.057000
44.789757,13.070000
45.048550,13.080000
45.283714,13.091000
45.511898,13.102000
45.734417,13.113000
45.961746,13.124000
46.186440,13.135000
46.406620,13.146000
46.629089,13.157000
46.847542,13.167000
47.061172,13.179000
47.271820,13.191000
47.405342,13.201000
47.538219,13.212000
47.641369,13.223000
47.809860,13.234000
48.045162,13.246000
48.228413,13.256000
48.405380,13.269000
48.584011,13.281000
48.745548,13.293000
48.881824,13.303000
49.069359,13.316000
49.125137,13.326000
49.227081,13.338000
49.318951,13.349000
49.399002,13.360000
49.465637,13.371000
49.520813,13.381000
49.565777,13.394000
49.610901,13.405000
49.686272,13.416000
49.792187,13.426000
49.926579,13.437000
50.086037,13.448000
50.269444,13.459000
50.477863,13.471000
50.695843,13.481000
51.012913,13.493000
51.120750,13.504000
51.327827,13.515000
51.531765,13.526000
51.737171,13.537000
51.940311,13.549000
52.140488,13.560000
52.346989,13.572000
52.553429,13.583000
52.750488,13.595000
52.741093,13.605000
52.723923,13.617000
52.706627,13.628000
52.690369,13.639000
52.675117,13.651000
52.660492,13.662000
52.646992,13.673000
52.634377,13.685000
52.622871,13.695000
52.891296,13.707000
53.154037,13.718000
53.406857,13.728000
53.652367,13.740000
53.891003,13.750000
54.121468,13.761000
54.350258,13.773000
54.574291,13.784000
54.785133,13.795000
54.991596,13.806000
55.196476,13.816000
55.396915,13.828000
55.598061,13.840000
55.793282,13.851000
55.978325,13.862000
56.160793,13.873000
56.341328,13.883000
56.518932,13.895000
56.693161,13.905000
56.867802,13.917000
57.042652,13.928000
57.212055,13.938000
57.376427,13.949000
57.538475,13.960000
57.701561,13.970000
57.864426,13.982000
58.028088,13.993000
58.193874,14.004000
58.357647,14.016000
58.517128,14.026000
58.677437,14.037000
58.834431,14.048000
58.994678,14.060000
59.166561,14.071000
59.336864,14.083000
59.496147,14.093000
59.650219,14.105000
59.804359,14.115000
59.956730,14.127000
60.111473,14.136000
60.267387,14.148000
60.497803,14.159000
60.576893,14.170000
60.735207,14.181000
60.890488,14.192000
61.047043,14.203000
61.204090,14.215000
61.357265,14.226000
61.511635,14.236000
61.663986,14.248000
61.816261,14.259000
61.974648,14.271000
62.130150,14.281000
62.288864,14.294000
62.459831,14.305000
62.626102,14.317000
62.779270,14.328000
62.934956,14.339000
63.094749,14.351000
63.246758,14.361000
63.401501,14.373000
63.559055,14.384000
63.718033,14.396000
63.791695,14.408000
64.026810,14.420000
64.101273,14.431000
64.245483,14.443000
64.378395,14.453000
64.502815,14.464000
64.623207,14.476000
64.732430,14.486000
64.828827,14.498000
64.917145,14.509000
64.994904,14.520000
65.061874,14.531000
65.119896,14.542000
65.153244,14.554000
65.182213,14.566000
65.245728,14.577000
65.347755,14.588000
65.466293,14.599000
65.602020,14.611000
65.782562,14.622000
65.944412,14.634000
66.100578,14.644000
66.250015,14.656000
66.396416,14.666000
66.537743,14.677000
66.681892,14.689000
66.826057,14.699000
66.966621,14.711000
67.107796,14.722000
67.250259,14.734000
67.394524,14.744000
67.534584,14.756000
67.672958,14.766000
67.812302,14.777000
67.955902,14.789000
68.097916,14.799000
68.212639,14.811000
68.339363,14.822000
68.482895,14.834000
68.621048,14.845000
68.765457,14.855000
68.909462,14.867000
69.051537,14.878000
69.195038,14.888000
69.339912,14.900000
69.483627,14.910000
69.635635,14.922000
69.794228,14.933000
69.951286,14.945000
70.103386,14.956000
70.252136,14.967000
70.401314,14.978000
70.550804,14.989000
70.699806,15.000000
70.849144,15.011000
71.009613,15.023000
71.168839,15.034000
71.318924,15.046000
71.467262,15.056000
71.608322,15.067000
71.751427,15.080000
71.888596,15.091000
72.008232,15.103000
72.114670,15.114000
72.214905,15.126000
72.305359,15.136000
72.381027,15.148000
72.444572,15.161000
72.510643,15.173000
72.606010,15.185000
72.793083,15.196000
72.864143,15.207000
73.018433,15.219000
73.176537,15.230000
73.328667,15.241000
73.349556,15.253000
73.335670,15.265000
73.318130,15.275000
73.299721,15.287000
73.279457,15.298000
73.256271,15.311000
73.229965,15.325000
73.203728,15.336000
73.262352,15.347000
73.439919,15.358000
73.621132,15.370000
73.791580,15.380000
73.961357,15.392000
74.131256,15.403000
74.289749,15.415000
74.441833,15.425000
74.593880,15.437000
74.738968,15.448000
74.877739,15.458000
75.015930,15.470000
75.150375,15.481000
75.281662,15.491000
75.416466,15.503000
75.549484,15.514000
75.676903,15.525000
75.803391,15.536000
75.933060,15.548000
76.061394,15.559000
76.184753,15.569000
76.314713,15.582000
76.448082,15.594000
76.571503,15.605000
76.682587,15.616000
76.794357,15.628000
76.919563,15.639000
77.042900,15.650000
77.166840,15.662000
77.292198,15.673000
77.413040,15.684000
77.528336,15.694000
77.644386,15.706000
77.763351,15.717000
77.879776,15.729000
77.996094,15.739000
78.113686,15.750000
78.229141,15.762000
78.342949,15.772000
78.458374,15.784000
78.574150,15.794000
78.690582,15.806000
78.807724,15.816000
78.923996,15.828000
79.041138,15.840000
79.155716,15.850000
79.268524,15.862000
79.387039,15.873000
79.506485,15.885000
79.622360,15.896000
79.736893,15.907000
79.848778,15.918000
79.959908,15.929000
80.076942,15.941000
80.196564,15.952000
80.311058,15.964000
80.427689,15.975000
80.545181,15.987000
80.658112,15.998000
80.770065,16.007999
80.887840,16.020000
81.005020,16.031000
81.116089,16.042000
81.232994,16.054001
81.351494,16.065001
81.465401,16.076000
81.577721,16.087999
81.689636,16.099001
81.801064,16.108999
81.911797,16.121000
82.025749,16.132000
82.139175,16.143000
82.252861,16.153999
82.364578,16.164000
82.475548,16.176001
82.591881,16.188000
82.705452,16.198000
82.815422,16.209000
82.926636,16.219999
83.036232,16.231001
83.148956,16.242001
83.266327,16.254000
83.382736,16.264999
83.495171,16.275999
83.606377,16.287001
83.717941,16.298000
83.827232,16.309000
83.938866,16.320999
84.053017,16.332001
84.166695,16.343000
84.287888,16.356001
84.411987,16.367001
84.526688,16.379000
84.639549,16.389999
84.752319,16.400999
84.862343,16.410999
84.978233,16.424000
85.092651,16.434999
85.203720,16.447001
85.311234,16.457001
85.410736,16.469000
85.500313,16.479000
85.581474,16.490999
85.654243,16.500999
85.716011,16.511999
85.778831,16.523001
85.863937,16.534000
85.963821,16.545000
86.072693,16.556000
86.187019,16.568001
86.301903,16.579000
86.412537,16.590000
86.523438,16.601000
86.632690,16.612000
86.739395,16.622999
86.849785,16.635000
86.960800,16.646000
87.069153,16.656000
87.177116,16.667999
87.291428,16.681000
87.406258,16.691999
87.516136,16.704000
87.625526,16.715000
87.738182,16.726000
87.848434,16.738001
87.952347,16.749001
88.060463,16.760000
88.169922,16.771000
88.279549,16.783001
88.386871,16.792999
88.494141,16.805000
88.602516,16.815001
88.707726,16.826000
88.815468,16.837999
88.923698,16.849001
89.031227,16.860001
89.140030,16.870001
89.251495,16.882000
89.363487,16.893000
89.473648,16.905001
89.584465,16.915001
89.696098,16.927000
89.805092,16.938000
89.910934,16.948000
90.018105,16.959999
90.126534,16.969999
90.236542,16.982000
90.347710,16.993000
90.458687,17.004999
90.560318,17.014999
90.657471,17.027000
90.768814,17.038000
90.881180,17.049000
90.992950,17.059999
91.106750,17.072001
91.218010,17.082001
91.325348,17.093000
91.432709,17.104000
91.542236,17.115000
91.650414,17.125000
91.761543,17.136999
91.874886,17.149000
91.984695,17.160000
92.094849,17.171000
92.204010,17.181000
92.312241,17.193001
92.424591,17.205000
92.538757,17.216000
92.649345,17.226000
92.756775,17.237000
92.865089,17.249001
92.974236,17.259001
93.083702,17.270000
93.194504,17.282000
93.303909,17.292000
93.412132,17.302999
93.572205,17.313999
93.627693,17.325001
93.737968,17.337000
93.845726,17.346001
93.952225,17.358000
94.060173,17.368999
94.174332,17.381001
94.297302,17.393000
94.414497,17.405001
94.523109,17.415001
94.635056,17.427000
94.745316,17.438000
94.851646,17.448000
94.963165,17.459999
95.075668,17.471001
95.181450,17.481001
95.288673,17.493000
95.399147,17.504000
95.506294,17.514999
95.613480,17.525999
95.725067,17.537001
95.833977,17.548000
95.939560,17.559000
96.053368,17.570999
96.165031,17.580999
96.270912,17.593000
96.378990,17.603001
96.487572,17.615000
96.594299,17.625000
96.699661,17.636000
96.807220,17.646000
96.917503,17.658001
97.025131,17.669001
97.132736,17.680000
97.248230,17.691999
97.364723,17.704000
97.475929,17.715000
97.582932,17.725000
97.688210,17.737000
97.794670,17.747999
97.902626,17.759001
98.011482,17.768999
98.117432,17.780001
98.225037,17.791000
98.336296,17.802999
98.443985,17.813000
98.551788,17.825001
98.661888,17.834999
98.770760,17.846001
98.880310,17.857000
98.989006,17.868999
99.097046,17.879999
99.205627,17.891001
99.315834,17.903000
99.423927,17.913000
99.530334,17.924999
99.644173,17.936001
99.758278,17.948000
99.866890,17.958000
99.972481,17.969999
100.079964,17.980000
100.189911,17.992001
100.298485,18.003000
100.405388,18.014000
100.511696,18.024000
100.617332,18.035000
100.721649,18.045000
100.751694,18.058001
100.743019,18.070000
100.728584,18.080999
100.714104,18.093000
100.699493,18.103001
100.685028,18.115000
100.663185,18.125999
100.655327,18.138000
100.638733,18.150000
100.725700,18.160999
100.842720,18.171000
100.964554,18.183001
101.085808,18.193001
101.204788,18.205000
101.315155,18.216000
101.414124,18.226000
101.503937,18.238001
101.582565,18.249001
101.650009,18.260000
101.707756,18.270000
101.754341,18.282000
101.789688,18.292999
101.810394,18.305000
101.820457,18.315001
101.821671,18.327000
101.814430,18.337999
101.800903,18.348000
101.781929,18.358000
101.756462,18.370001
101.724815,18.381001
101.689690,18.392000
101.650459,18.403999
101.606438,18.416000
101.555687,18.427999
101.503693,18.438999
101.453529,18.450001
101.401161,18.459999
101.347557,18.471001
101.292717,18.482000
101.235840,18.493000
101.176758,18.504000
101.113113,18.516001
101.049492,18.525999
100.988792,18.538000
100.927216,18.549000
100.863014,18.559999
100.787666,18.572001
100.704819,18.583000
100.620430,18.594999
100.529251,18.605000
100.428749,18.617001
100.319595,18.625999
100.207474,18.638000
100.107552,18.650000
100.023903,18.660000
99.953217,18.671000
99.885262,18.681999
99.816589,18.693001
99.744911,18.705000
99.671249,18.716000
99.599174,18.726999
99.521820,18.738001
99.432808,18.749001
99.330322,18.760000
99.216003,18.770000
99.089615,18.781000
98.948341,18.792000
98.790527,18.802999
98.618057,18.813999
98.436821,18.825001
98.241661,18.834999
98.031189,18.847000
97.802338,18.858000
97.587173,18.870001
97.368393,18.879999
97.132706,18.891001
96.895149,18.902000
96.660530,18.913000
96.416740,18.924999
96.165604,18.936001
95.923355,18.947001
95.686974,18.958000
95.421768,18.969000
95.106598,18.979000
94.770218,18.990999
94.426201,19.000999
94.093468,19.013000
93.754128,19.024000
93.424507,19.035000
93.064346,19.049000
92.703049,19.061001
92.387146,19.070999
92.071564,19.083000
91.767303,19.093000
91.464783,19.104000
91.161263,19.115000
90.851952,19.127001
90.543060,19.138000
90.246529,19.148001
89.948357,19.159000
89.476089,19.171000
89.322342,19.181000
89.006287,19.191999
88.674347,19.202999
88.339012,19.214001
87.996979,19.225000
87.627777,19.236000
87.259300,19.247999
86.897949,19.257999
86.509560,19.270000
86.103821,19.280001
85.688187,19.292000
85.262917,19.302000
84.835838,19.313999
84.392578,19.323999
83.934761,19.336000
83.465477,19.346001
82.991478,19.356001
82.518837,19.368000
82.074249,19.379000
81.662804,19.389000
81.260338,19.400999
80.876556,19.410999
80.517708,19.423000
80.169640,19.434999
79.827164,19.445999
79.487938,19.459000
79.176537,19.469999
78.767876,19.481001
78.322693,19.490999
77.867607,19.502001
77.423393,19.511999
76.969490,19.524000
76.501869,19.535000
76.052826,19.546000
75.616554,19.556999
75.164680,19.569000
74.719582,19.580000
74.304176,19.591000
73.900734,19.601000
73.500458,19.612000
73.097534,19.622999
72.686256,19.634001
72.276794,19.645000
71.871758,19.655001
71.469368,19.666000
71.061882,19.677999
70.649696,19.688000
70.226715,19.698999
69.783714,19.711000
69.344604,19.722000
68.906982,19.733999
68.489311,19.743999
68.107887,19.754999
67.754044,19.766001
67.421852,19.775999
67.102425,19.788000
66.800423,19.799000
66.512123,19.809000
66.219139,19.820000
65.923981,19.830000
65.619171,19.841999
65.297401,19.853001
64.975250,19.865999
64.657211,19.875999
64.333870,19.886999
64.006813,19.898001
63.676476,19.908001
63.338329,19.919001
62.872555,19.930000
62.728657,19.941999
62.469284,19.952000
62.231976,19.962999
62.000114,19.974001
61.767231,19.983999
61.529903,19.995001
61.284260,20.006001
61.038570,20.017000
60.800758,20.028000
60.339813,20.039000
59.859566,20.051001
59.400108,20.061001
58.940731,20.073000
58.496113,20.083000
58.063461,20.094999
57.632336,20.106001
57.215164,20.115999
56.807583,20.128000
56.408455,20.139000
56.014008,20.149000
55.626373,20.160999
55.217346,20.173000
54.805229,20.184999
54.428848,20.195000
54.064491,20.205999
53.697781,20.216999
53.329800,20.228001
52.953968,20.240000
52.576439,20.250000
52.208988,20.261999
51.839008,20.271999
51.466049,20.283001
51.008446,20.299000
50.534958,20.309000
50.122620,20.320999
49.697590,20.332001
49.281021,20.343000
48.866451,20.354000
48.457718,20.365000
48.063320,20.375999
47.678661,20.386000
47.319389,20.398001
46.988556,20.409000
46.671707,20.419001
46.359119,20.431000
46.043137,20.441000
45.714691,20.452999
45.482307,20.465000
45.238369,20.476000
45.011311,20.488001
44.825352,20.499001
44.673439,20.509001
44.540550,20.521000
44.429180,20.532000
44.347343,20.542999
44.290184,20.555000
43.791862,20.566999
43.357670,20.576000
42.972046,20.587999
42.606392,20.598000
42.250557,20.608999
41.911194,20.620001
41.585392,20.629999
41.261883,20.642000
40.951996,20.652000
40.532066,20.663000
40.391212,20.674000
40.122196,20.684000
39.865330,20.695999
39.615604,20.707001
39.378208,20.716000
39.145550,20.728001
38.907688,20.739000
38.666069,20.750000
38.439720,20.761000
38.223751,20.773001
38.007336,20.784000
37.786476,20.795000
37.563190,20.805000
37.337151,20.816000
37.103779,20.827000
36.869167,20.837000
36.626934,20.849001
36.374172,20.860001
36.115997,20.870001
35.845886,20.881001
35.567394,20.892000
35.289227,20.903000
34.848869,20.914000
34.688545,20.924999
34.216789,20.936001
34.061127,20.945999
33.733044,20.958000
33.388630,20.969000
33.062645,20.979000
32.743843,20.990000
32.419388,21.000999
32.106800,21.011000
31.789534,21.021999
31.463223,21.033001
31.145676,21.044001
30.828772,21.055000
30.496378,21.066999
30.170036,21.077999
29.854267,21.089001
29.534227,21.100000
29.221575,21.111000
28.907925,21.122000
28.587708,21.132999
28.276865,21.143000
27.973402,21.155001
27.670574,21.165001
27.368671,21.174999
27.055376,21.188000
26.746149,21.198000
26.455734,21.208000
26.159103,21.219999
25.864771,21.229000
25.570068,21.240999
25.345148,21.250999
25.031555,21.264000
24.843321,21.275999
24.566736,21.289000
24.273460,21.302000
23.978033,21.315001
23.710960,21.327999
23.650757,21.340000
23.146456,21.353001
22.427689,21.365000
21.785067,21.375999
21.198368,21.388000
20.623501,21.399000
20.087986,21.409000
19.590441,21.420000
19.105833,21.431000
18.405401,21.443001
18.186918,21.452999
17.761887,21.465000
17.347073,21.475000
16.951939,21.486000
16.540291,21.499001
16.120773,21.510000
15.737867,21.521999
15.381942,21.533001
15.037780,21.544001
14.701859,21.555000
14.375263,21.566000
14.046600,21.577999
13.721330,21.590000
13.415788,21.600000
13.131904,21.611000
12.851933,21.621000
12.563790,21.632999
12.284115,21.643000
12.017859,21.655001
11.747489,21.666000
11.482211,21.676001
11.225650,21.687000
10.968260,21.698000
10.715454,21.709999
10.465365,21.719999
10.213488,21.731001
9.959694,21.742001
9.702531,21.754000
9.451454,21.764000
9.203342,21.775000
8.951344,21.785999
8.707803,21.797001
8.473222,21.808001
8.238701,21.818001
8.004076,21.830000
7.762081,21.840000
7.517196,21.851999
7.289562,21.864000
7.097946,21.875000
6.906551,21.886000
6.730599,21.896000
6.571950,21.907000
6.423495,21.917999
6.283079,21.930000
6.166594,21.940001
6.072759,21.951000
6.002130,21.961000
5.953810,21.972000
5.929142,21.983000
5.928282,21.993000
5.938757,22.004999
5.961976,22.014000
5.996339,22.025999
6.038703,22.037001
6.090059,22.048000
6.156710,22.059000
6.240135,22.070000
6.340410,22.080999
6.455181,22.091999
6.579370,22.101999
6.712366,22.113001
6.860530,22.122999
7.016549,22.135000
7.175411,22.145000
7.342620,22.157000
7.510716,22.166000
7.677299,22.177999
7.842957,22.188000
8.019407,22.198999
8.198386,22.209999
8.371745,22.221001
8.550187,22.232000
8.730979,22.242001
8.912633,22.253000
9.098059,22.264000
9.290048,22.275000
9.484085,22.285000
9.681211,22.296000
9.888392,22.306000
10.096912,22.318001
10.305491,22.327999
10.532233,22.339001
10.768875,22.351000
10.993995,22.361000
11.221824,22.372000
11.454716,22.382999
11.687441,22.393999
11.934184,22.406000
12.185700,22.417000
12.425073,22.427000
12.657037,22.438000
12.889589,22.448000
13.115870,22.459000
13.338643,22.469000
13.569357,22.481001
13.801326,22.492001
14.028502,22.503000
14.377044,22.514000
14.508606,22.527000
14.748240,22.538000
14.979615,22.548000
15.254985,22.559000
15.574363,22.572001
15.900453,22.582001
16.206285,22.593000
16.510002,22.603001
16.824558,22.615999
17.154810,22.629000
17.656528,22.642000
17.815624,22.653999
18.138559,22.666000
18.459980,22.679001
18.789347,22.691999
19.129038,22.705000
19.461637,22.716000
19.770395,22.726999
20.060650,22.739000
20.349422,22.749001
20.633575,22.760000
20.919939,22.771999
21.218916,22.783001
21.516344,22.794001
21.799025,22.804001
22.082493,22.816000
22.371178,22.827999
22.659698,22.840000
22.931652,22.849001
23.193466,22.861000
23.593885,22.872000
23.426920,22.882000
23.394669,22.893999
23.347731,22.905001
23.307465,22.916000
23.268673,22.926001
23.217302,22.937000
23.145702,22.948999
23.082310,22.958000
23.109995,22.969000
22.956789,22.980000
23.472223,22.992001
23.900639,23.002001
24.288101,23.013000
24.650621,23.023001
24.987600,23.034000
25.307589,23.045000
25.607254,23.056000
25.887365,23.066999
26.149654,23.077999
26.391485,23.087999
26.626659,23.100000
26.904209,23.110001
27.221125,23.121000
27.687460,23.139999
28.163303,23.150000
28.520124,23.160999
28.877163,23.171000
29.227215,23.181999
29.583630,23.193001
29.934643,23.204000
30.257904,23.215000
30.561989,23.226000
30.856583,23.237000
31.145834,23.247999
31.429447,23.257999
31.714092,23.268999
31.993984,23.280001
32.277367,23.291000
32.562958,23.302000
32.839603,23.312000
33.112968,23.323999
33.388844,23.334000
33.657276,23.344999
33.913364,23.356001
34.170105,23.368000
34.417969,23.378000
34.653393,23.389999
34.879833,23.400000
35.099628,23.412001
35.314438,23.423000
35.516159,23.434999
35.703995,23.445999
35.889404,23.458000
36.063911,23.469000
36.220737,23.479000
36.372978,23.490000
36.364902,23.500999
36.249260,23.511999
36.125515,23.524000
36.035061,23.535999
35.981331,23.548000
35.963642,23.559999
35.971523,23.570999
35.991760,23.582001
36.011982,23.593000
36.238853,23.604000
36.629456,23.615999
36.989964,23.627001
37.343723,23.638000
37.685051,23.649000
38.010540,23.660000
38.323093,23.671000
38.621574,23.681000
38.917278,23.693001
39.202358,23.702999
39.609219,23.714001
39.744961,23.725000
40.004276,23.736000
40.256577,23.746000
40.516090,23.757999
40.766750,23.768999
41.009953,23.781000
41.251629,23.792999
41.481903,23.805000
41.690926,23.816000
41.882523,23.826000
42.067101,23.837999
42.235622,23.849001
42.391052,23.858999
42.542397,23.871000
42.681541,23.882000
42.804626,23.892000
42.922508,23.903999
43.030693,23.915001
43.122368,23.926001
43.204357,23.937000
43.276882,23.948000
43.338718,23.959000
43.389702,23.969999
43.431465,23.982000
43.461830,23.993000
43.480316,24.004000
43.488361,24.014999
43.485306,24.027000
43.471615,24.038000
43.447712,24.049000
43.413357,24.061001
43.365402,24.073000
43.305553,24.084000
43.236122,24.094999
43.157150,24.106001
43.069176,24.117001
42.973591,24.128000
42.804382,24.141001
42.746742,24.152000
42.643478,24.164000
42.561165,24.176001
42.501564,24.186001
42.465340,24.198000
42.454182,24.209999
42.472107,24.221001
42.522430,24.233000
42.603683,24.243999
42.714008,24.254999
42.852497,24.266001
43.019466,24.278000
43.206406,24.290001
43.406189,24.299999
43.616634,24.312000
43.833145,24.322001
44.045300,24.334000
44.248615,24.344000
44.449577,24.356001
44.640865,24.367001
44.831760,24.378000
45.027824,24.389999
45.220814,24.400999
45.413914,24.412001
45.611549,24.423000
45.806564,24.434999
45.990883,24.445999
46.171841,24.457001
46.352875,24.468000
46.527897,24.480000
46.742867,24.497999
46.943832,24.509001
47.091038,24.520000
47.228813,24.532000
47.355331,24.542000
47.473511,24.554001
47.588306,24.566999
47.693375,24.579000
47.796326,24.590000
47.931633,24.601999
48.096142,24.613001
48.288654,24.625000
48.494251,24.635000
48.707569,24.646000
48.931450,24.658001
49.154205,24.670000
49.364178,24.680000
49.572849,24.691999
49.787498,24.704000
49.997890,24.714001
50.204807,24.726000
50.417236,24.738001
50.625740,24.749001
50.833164,24.760000
51.039722,24.771999
51.245975,24.783001
51.451786,24.795000
51.660198,24.806000
51.869038,24.818001
52.068394,24.827999
52.266598,24.839001
52.468899,24.851000
52.665871,24.861000
52.945492,24.874001
53.036251,24.884001
53.213413,24.896000
53.284798,24.908001
53.234001,24.917999
53.174614,24.930000
53.101707,24.941000
53.016506,24.952000
52.926098,24.962999
52.822456,24.974001
52.713120,24.987000
52.635536,24.997999
52.724129,25.007999
53.126953,25.020000
53.257626,25.031000
53.512745,25.042000
53.762966,25.052999
54.004993,25.063999
54.230244,25.076000
54.459747,25.087999
54.684807,25.099001
54.898960,25.111000
55.111111,25.122999
55.309444,25.132999
55.496792,25.143999
55.686279,25.155001
55.877579,25.166000
56.062523,25.177000
56.248608,25.190001
56.429836,25.200001
56.606583,25.212000
56.787510,25.223000
56.962830,25.233999
57.130241,25.245001
57.298576,25.256001
57.463924,25.268000
57.624088,25.278000
57.787621,25.289000
57.955902,25.299999
58.120277,25.312000
58.282196,25.322001
58.444908,25.334000
58.605331,25.344000
58.768867,25.356001
58.932762,25.368000
59.093636,25.379000
59.259750,25.389999
59.427402,25.402000
59.587959,25.413000
59.748852,25.424999
59.992737,25.436001
60.071781,25.447001
60.232204,25.459000
60.390087,25.469000
60.544228,25.481001
60.701366,25.492001
60.856010,25.503000
61.008434,25.513000
61.166115,25.525000
61.325752,25.535999
61.478729,25.547001
61.636703,25.559000
61.803181,25.570999
61.962852,25.580999
62.122829,25.594000
62.292229,25.606001
62.457050,25.617001
62.609219,25.628000
62.766594,25.639999
62.936577,25.653000
63.102432,25.663000
63.262035,25.674999
63.423592,25.687000
63.579395,25.698000
63.729370,25.709000
63.886517,25.721001
64.044884,25.732000
64.194611,25.743000
64.338211,25.754000
64.475937,25.764000
64.606903,25.775000
64.729332,25.785999
64.844780,25.798000
64.962082,25.811001
65.067940,25.823000
65.152458,25.834000
65.234856,25.849001
65.311874,25.872999
65.388863,25.885000
65.457123,25.896000
65.564323,25.909000
65.705589,25.921000
65.856834,25.933001
66.015495,25.944000
66.170921,25.955999
66.320511,25.966999
66.470978,25.978001
66.619003,25.989000
66.761230,25.999001
66.902641,26.011000
67.044441,26.021999
67.189240,26.034000
67.335686,26.045000
67.478729,26.056000
67.617790,26.066999
67.755539,26.077999
67.894218,26.089001
68.034409,26.100000
68.177635,26.112000
68.322701,26.122000
68.468681,26.134001
68.617447,26.146000
68.768082,26.158001
68.917496,26.170000
69.068474,26.180000
69.219955,26.191999
69.369194,26.202000
69.511444,26.214001
69.645813,26.224001
69.777473,26.236000
69.900169,26.246000
70.029022,26.257999
70.180199,26.268999
70.333908,26.281000
70.485001,26.291000
70.643974,26.304001
70.802666,26.315001
70.955658,26.326000
71.107788,26.337000
71.263725,26.349001
71.420570,26.358999
71.586288,26.372000
71.752327,26.384001
71.906036,26.393999
72.065086,26.407000
72.227798,26.419001
72.386749,26.430000
72.544792,26.441000
72.701828,26.452999
72.856255,26.465000
73.009979,26.475000
73.164055,26.486000
73.315048,26.497999
73.467941,26.509001
73.622620,26.520000
73.772652,26.531000
73.793869,26.542000
73.785843,26.555000
73.776039,26.566000
73.766296,26.577000
73.757027,26.587999
73.747932,26.599001
73.738403,26.611000
73.728790,26.624001
73.718689,26.635000
73.896736,26.646000
74.182823,26.658001
74.275467,26.669001
74.454521,26.679001
74.631706,26.691000
74.802750,26.701000
74.965614,26.712000
75.126747,26.723000
75.281830,26.735001
75.431618,26.746000
75.584000,26.757999
75.733253,26.768999
75.875214,26.780001
76.018379,26.791000
76.161278,26.802999
76.295982,26.813999
76.428368,26.825001
76.563553,26.836000
76.699501,26.848000
76.831749,26.860001
76.966095,26.871000
77.100296,26.882999
77.225746,26.893999
77.346252,26.905001
77.466896,26.916000
77.590134,26.927000
77.710876,26.938999
77.827385,26.948999
77.947014,26.961000
78.133415,26.972000
78.192276,26.983999
78.310234,26.995001
78.430321,27.006001
78.548874,27.016001
78.664207,27.028000
78.780418,27.040001
78.903740,27.052000
79.086205,27.063999
79.145027,27.073999
79.258575,27.086000
79.364029,27.096001
79.462517,27.107000
79.554451,27.118000
79.639748,27.129000
79.718399,27.142000
79.789215,27.153000
79.847572,27.165001
79.891235,27.176001
79.921852,27.187000
79.940491,27.198000
79.947227,27.208000
79.939972,27.222000
79.925514,27.232000
79.934982,27.243999
79.971634,27.254999
80.033577,27.267000
80.114594,27.278000
80.210640,27.290001
80.314613,27.299999
80.416237,27.312000
80.520851,27.323999
80.621269,27.334999
80.712517,27.346001
80.803497,27.358999
80.896179,27.370001
80.983177,27.381001
81.068375,27.393000
81.154518,27.405001
81.238228,27.415001
81.320435,27.427000
81.400848,27.438000
81.480484,27.448000
81.562279,27.459999
81.648834,27.471001
81.734001,27.482000
81.819580,27.493000
81.912109,27.504999
82.012085,27.517000
82.112480,27.528000
82.209206,27.539000
82.301590,27.549999
82.388626,27.559999
82.478302,27.573000
82.562912,27.584000
82.665565,27.596001
82.695168,27.607000
82.749847,27.620001
82.792488,27.631001
82.822021,27.643000
82.848961,27.653999
82.900246,27.666000
82.974846,27.676001
83.066269,27.688000
83.181816,27.698999
83.273247,27.709999
83.376602,27.721001
83.486687,27.732000
83.596664,27.743000
83.706306,27.754000
83.812309,27.766001
83.916962,27.775999
84.020447,27.788000
84.006508,27.799999
84.110474,27.811001
84.211609,27.823000
84.309006,27.834000
84.400429,27.844999
84.490730,27.856001
84.582954,27.867001
84.673668,27.879000
84.762825,27.889999
84.854088,27.902000
84.946121,27.913000
85.034592,27.924999
85.121941,27.934999
85.213593,27.947001
85.309784,27.959000
85.405136,27.969999
85.497177,27.981001
85.589493,27.993000
85.681572,28.004000
85.764442,28.014999
85.840424,28.025999
85.908768,28.035999
85.968910,28.049000
86.021530,28.061001
86.062683,28.072001
86.091866,28.082001
86.110420,28.094000
86.118111,28.105000
86.113876,28.115999
86.097740,28.125999
86.068573,28.138000
86.027885,28.149000
85.976852,28.159000
85.911690,28.171000
85.830551,28.181999
85.741035,28.191999
85.645454,28.204000
85.559914,28.215000
85.494957,28.226000
85.451355,28.238001
85.430267,28.247999
85.431541,28.260000
85.454803,28.271999
85.498756,28.283001
85.559013,28.294001
85.619362,28.306000
85.671173,28.318001
85.715652,28.327999
85.754723,28.339001
85.788971,28.350000
85.786942,28.361000
85.804001,28.372999
85.822884,28.382999
85.886032,28.396000
85.978493,28.406000
86.045868,28.417999
86.104958,28.429001
86.161331,28.440001
86.215591,28.451000
86.267349,28.461000
86.317368,28.473000
86.363655,28.485001
86.403931,28.496000
86.438187,28.507999
86.465538,28.518000
86.486229,28.528999
86.499367,28.540001
86.529175,28.552000
86.487511,28.562000
86.453217,28.573999
86.400314,28.587999
86.322075,28.599001
86.236359,28.608999
86.133774,28.620001
86.023399,28.631001
85.925499,28.643000
85.842163,28.655001
85.776299,28.667000
85.729385,28.677999
85.701836,28.688999
85.689613,28.700001
85.691231,28.711000
85.706055,28.722000
85.732635,28.733999
85.766228,28.743999
85.803268,28.754999
85.829147,28.766001
85.844833,28.777000
85.858643,28.788000
85.870667,28.799999
85.879936,28.812000
85.886383,28.823000
85.890556,28.834000
85.892517,28.844999
85.892639,28.856001
85.890709,28.865999
85.886871,28.879000
85.880493,28.889999
85.871841,28.902000
85.861130,28.912001
85.847946,28.924000
85.831795,28.934999
85.813423,28.945999
85.791496,28.957001
85.765320,28.968000
85.736275,28.980000
85.713783,28.990999
85.724045,29.003000
85.766754,29.013000
85.880844,29.025000
85.932617,29.035000
86.043045,29.046000
86.161888,29.056000
86.285606,29.068001
86.406113,29.077999
86.520386,29.090000
86.635101,29.100000
86.747932,29.111000
86.857132,29.122000
86.964256,29.132999
87.068153,29.143999
87.168381,29.155001
87.265366,29.166000
87.357582,29.177000
87.445053,29.188000
87.531075,29.198999
87.615135,29.209999
87.697792,29.219999
87.777237,29.231001
87.855209,29.242001
87.933556,29.253000
88.009544,29.263000
88.089294,29.274000
88.177002,29.285999
88.265533,29.296000
88.354904,29.306999
88.442604,29.319000
88.525887,29.329000
88.607269,29.341000
88.683762,29.351999
88.760399,29.363001
88.855324,29.374001
88.959190,29.386000
89.058907,29.396000
89.155579,29.408001
89.254562,29.419001
89.357208,29.430000
89.463486,29.441000
89.571045,29.452000
89.680054,29.464001
89.790665,29.475000
89.901649,29.485001
90.010834,29.496000
90.121696,29.507999
90.230850,29.518999
90.337814,29.528999
90.451889,29.541000
90.566116,29.552000
90.680229,29.563999
90.799248,29.576000
90.914032,29.586000
91.022675,29.598000
91.133820,29.608999
91.245361,29.618999
91.354912,29.631001
91.465309,29.641001
91.575050,29.653000
91.684669,29.664000
91.795387,29.674999
91.918404,29.688000
92.045547,29.700001
92.161774,29.712000
92.272903,29.722000
92.381477,29.733999
92.488930,29.743999
92.600685,29.756001
92.710136,29.766001
92.815758,29.777000
92.926674,29.788000
93.040962,29.799999
93.156479,29.812000
93.270737,29.823000
93.380325,29.834000
93.486847,29.844999
93.597855,29.857000
93.710960,29.868000
93.820953,29.879000
93.932083,29.889999
94.042953,29.900999
94.152840,29.912001
94.264381,29.924000
94.375687,29.934000
94.484871,29.945999
94.594238,29.958000
94.703293,29.968000
94.811386,29.979000
94.919296,29.989000
95.029015,30.000999
95.194901,30.011999
95.253868,30.024000
95.365623,30.034000
95.525879,30.046000
95.582230,30.056000
95.697006,30.069000
95.808098,30.080000
95.919128,30.091000
96.033531,30.101999
96.144958,30.114000
96.254555,30.124001
96.363319,30.136000
96.472572,30.146999
96.577759,30.157000
96.674217,30.167999
96.765068,30.179001
96.849991,30.190001
96.924789,30.201000
96.988548,30.212000
97.042137,30.223000
97.081459,30.233999
97.107010,30.243999
97.120674,30.254999
97.123207,30.264999
97.116211,30.275999
97.100456,30.287001
97.076836,30.298000
97.046799,30.309000
97.009003,30.320999
96.964149,30.332001
96.916595,30.341999
96.865784,30.353001
96.810852,30.363001
96.751747,30.374001
96.688957,30.386000
96.623871,30.396000
96.556358,30.407000
96.487633,30.417999
96.417473,30.427999
96.343834,30.440001
96.268135,30.450001
96.191811,30.461000
96.114494,30.472000
96.036957,30.483000
95.957916,30.493999
95.878418,30.504000
95.799782,30.514999
95.718353,30.527000
95.633392,30.538000
95.550941,30.548000
95.469307,30.559000
95.381073,30.570999
95.291626,30.582001
95.208252,30.593000
95.124306,30.604000
95.035919,30.615999
94.947472,30.625999
94.862122,30.636999
94.774551,30.649000
94.684288,30.660000
94.597412,30.671000
94.511490,30.681999
94.416351,30.693001
94.307014,30.705000
94.181061,30.718000
94.039665,30.729000
93.889023,30.740000
93.732033,30.750999
93.564957,30.761000
93.378174,30.773001
93.182594,30.784000
92.977127,30.794001
92.755325,30.805000
92.524796,30.815001
92.283165,30.826000
92.025734,30.837000
91.757095,30.848000
91.484116,30.858999
91.199623,30.871000
90.913177,30.881001
90.637383,30.891001
90.359985,30.903000
90.081505,30.913000
89.804749,30.924000
89.517738,30.934999
89.225510,30.945999
88.934975,30.958000
88.644104,30.968000
88.359917,30.978001
88.078705,30.990000
87.795013,31.000000
87.514206,31.011000
87.230019,31.021000
86.943230,31.032000
86.664528,31.042000
86.379982,31.054001
86.095131,31.065001
85.814072,31.076000
85.528625,31.086000
85.243851,31.098000
84.962090,31.108999
84.675682,31.118999
84.430740,31.129999
84.201195,31.141001
83.973663,31.152000
83.753738,31.160999
83.532997,31.172001
83.307655,31.183001
83.080894,31.194000
82.850708,31.205000
82.617844,31.215000
82.327271,31.226000
81.931244,31.237000
81.527390,31.247999
81.135078,31.259001
80.554070,31.268999
80.366638,31.280001
79.997101,31.291000
79.558113,31.313000
78.865967,31.325001
78.495316,31.336000
78.141609,31.347000
77.799713,31.358000
77.451691,31.368999
77.113655,31.379000
76.761574,31.391001
76.382607,31.403999
76.004425,31.416000
75.618530,31.429001
75.215256,31.441999
74.810791,31.455999
74.374687,31.472000
73.950340,31.485001
73.579628,31.497000
73.234184,31.507999
72.906639,31.518999
72.417091,31.531000
72.252800,31.541000
71.930199,31.552999
71.615158,31.563999
71.283928,31.575001
70.955254,31.586000
70.650879,31.598000
70.342659,31.608999
70.031944,31.620001
69.723190,31.631001
69.409836,31.641001
69.094635,31.653000
68.785294,31.663000
68.475891,31.674000
68.010010,31.686001
67.860985,31.695999
67.556335,31.707001
67.257607,31.718000
66.971352,31.728001
66.653931,31.740000
66.314445,31.752001
65.999878,31.763000
65.699753,31.773001
65.399017,31.784000
65.098747,31.796000
64.795433,31.806000
64.487625,31.819000
64.184433,31.829000
63.883411,31.840000
63.581665,31.851000
63.288448,31.862000
62.991055,31.872000
62.689800,31.884001
62.389374,31.895000
62.150509,31.906000
61.802124,31.917999
61.685017,31.927999
61.452469,31.938999
61.217468,31.951000
60.990158,31.961000
60.767555,31.972000
60.538567,31.983000
60.311481,31.993999
59.983887,32.005001
59.532352,32.014999
59.088341,32.026001
58.651169,32.037998
58.199490,32.049999
57.758373,32.060001
57.350594,32.070999
56.956974,32.082001
56.569881,32.091999
56.182339,32.103001
55.783195,32.113998
55.390240,32.125999
55.021030,32.136002
54.667416,32.146000
54.315205,32.155998
53.959599,32.167999
53.616238,32.178001
53.276382,32.188000
52.930176,32.200001
52.584682,32.209999
52.243759,32.221001
51.904346,32.230999
51.568394,32.243000
51.221642,32.254002
50.862988,32.264999
50.514156,32.276001
50.170094,32.287998
49.816452,32.299000
49.458836,32.308998
49.110355,32.320000
48.762657,32.328999
48.399281,32.341000
48.050339,32.351002
47.723419,32.362000
47.403702,32.373001
47.089661,32.383999
46.771816,32.394001
46.451649,32.405998
46.143135,32.416000
45.835632,32.426998
45.526768,32.438000
45.315968,32.446999
45.097698,32.459000
44.757912,32.469002
44.648067,32.479000
44.417454,32.491001
44.172676,32.501999
43.928268,32.512001
43.683205,32.522999
43.446812,32.534000
43.067982,32.544998
42.546509,32.555000
42.015980,32.567001
41.499111,32.577000
41.014889,32.588001
40.548813,32.598000
40.091526,32.608002
39.647034,32.618999
39.213871,32.630001
38.770977,32.640999
38.340477,32.651001
37.934349,32.661999
37.420433,32.686001
36.602371,32.696999
36.203167,32.708000
35.793129,32.720001
35.183567,32.730999
34.969273,32.742001
34.519199,32.755001
34.029449,32.769001
33.540203,32.780998
32.830605,32.792999
32.340969,32.806000
32.085114,32.819000
31.568310,32.833000
31.090532,32.842999
30.646311,32.855999
30.188517,32.866001
29.736889,32.877998
29.297703,32.888000
28.863438,32.898998
28.414492,32.910000
27.962816,32.921001
27.521465,32.931000
27.074799,32.943001
26.630722,32.952999
26.163837,32.965000
25.687262,32.976002
25.224995,32.987000
24.812572,32.998001
24.397318,33.007999
23.999447,33.020000
23.530355,33.029999
23.347677,33.042000
23.064615,33.054001
22.824673,33.066002
22.628897,33.076000
22.445158,33.088001
21.850857,33.098999
21.319193,33.109001
20.816479,33.119999
20.347078,33.130001
19.906765,33.140999
19.472960,33.152000
19.055326,33.162998
18.649633,33.173000
18.276630,33.183998
17.940334,33.194000
17.632017,33.206001
17.365137,33.216000
17.137142,33.226002
16.944387,33.237999
16.787554,33.248001
16.661299,33.257999
16.564917,33.270000
16.500177,33.279999
16.461479,33.290001
16.442833,33.300999
16.441401,33.312000
16.451624,33.321999
16.465834,33.334000
16.476416,33.342999
16.478474,33.354000
16.466965,33.363998
16.438042,33.375000
16.387089,33.387001
16.260660,33.397999
16.204502,33.408001
16.070616,33.418999
15.915169,33.429001
15.741809,33.439999
15.542758,33.450001
15.329437,33.460999
15.102756,33.472000
14.860806,33.481998
14.609753,33.493000
14.200491,33.505001
14.065134,33.514999
13.802936,33.526001
13.580320,33.536999
13.325329,33.547001
13.250722,33.558998
13.110277,33.570000
12.982965,33.581001
12.869918,33.591999
12.768249,33.603001
12.680546,33.613998
12.604365,33.624001
12.538172,33.634998
12.466200,33.646000
12.450489,33.655998
12.440257,33.666000
12.459991,33.678001
12.519449,33.688999
12.615927,33.700001
12.739190,33.710999
12.886108,33.721001
13.057697,33.731998
13.249984,33.742001
13.463403,33.754002
13.694557,33.764000
13.945197,33.775002
14.219998,33.786999
14.498731,33.799000
14.764064,33.810001
15.027010,33.820000
15.289682,33.831001
15.551695,33.841000
15.813610,33.853001
16.080931,33.862999
16.363672,33.875000
16.645638,33.886002
16.909082,33.896000
17.171564,33.907001
17.434996,33.917999
17.689203,33.928001
17.938543,33.939999
18.198463,33.951000
18.458784,33.963001
18.706146,33.973000
18.950581,33.985001
19.187326,33.994999
19.413458,34.006001
19.635759,34.015999
19.855751,34.027000
20.067629,34.037998
20.275835,34.049000
20.489922,34.060001
20.707285,34.071999
20.913406,34.082001
21.107759,34.092999
21.295849,34.103001
21.478159,34.113998
21.660385,34.125000
21.846170,34.137001
22.035629,34.146000
22.270596,34.158001
22.247028,34.168999
22.272457,34.180000
22.307484,34.189999
22.351309,34.202000
22.412165,34.212002
22.464243,34.223000
22.506134,34.234001
22.539352,34.243999
22.563856,34.255001
22.575401,34.264999
23.166759,34.277000
23.679779,34.287998
24.179605,34.299000
24.650881,34.308998
25.100266,34.320000
25.530422,34.330002
25.958910,34.341999
26.376091,34.352001
26.764891,34.362999
27.137129,34.374001
27.496855,34.384998
27.845682,34.396000
28.184549,34.408001
28.500479,34.418999
28.790018,34.430000
29.069719,34.441002
29.338833,34.452000
29.586729,34.463001
29.824776,34.473000
30.054708,34.484001
30.271425,34.495998
30.476618,34.506001
30.671347,34.516998
30.852406,34.528000
31.021463,34.539001
31.185057,34.549999
31.340319,34.562000
31.487274,34.573002
31.621962,34.584000
31.743263,34.595001
31.856718,34.605000
31.958759,34.616001
32.053757,34.627998
32.141838,34.638000
32.217453,34.650002
32.283886,34.660000
32.342617,34.672001
32.391815,34.681999
32.433563,34.694000
32.466747,34.705002
32.490330,34.716000
32.505569,34.726002
32.514061,34.737999
32.522533,34.748001
32.533226,34.757999
32.547112,34.770000
32.562729,34.780998
32.579987,34.792000
32.599457,34.804001
32.621689,34.814999
32.646736,34.827999
32.671082,34.839001
32.697987,34.849998
32.448715,34.862000
32.188007,34.872002
31.915958,34.883999
31.635244,34.896000
31.354870,34.908001
31.085159,34.919998
30.838993,34.931000
30.619850,34.942001
30.436411,34.953999
30.707724,34.965000
30.998180,34.974998
31.310091,34.986000
31.622789,34.998001
31.980640,35.009998
32.193947,35.021000
32.418003,35.032001
32.638084,35.042999
32.835320,35.055000
33.016727,35.066002
33.170044,35.077000
33.297615,35.089001
33.399723,35.101002
33.470486,35.111000
33.515564,35.123001
33.544529,35.133999
33.560268,35.146000
33.561588,35.157001
33.551701,35.167999
33.532722,35.179001
33.504135,35.191002
33.467915,35.202000
33.313690,35.213001
33.261993,35.224998
33.196873,35.236000
33.130558,35.248001
33.063965,35.258999
32.989223,35.270000
32.905045,35.280998
32.652489,35.292000
32.574627,35.303001
32.423248,35.314999
32.281448,35.326000
32.138351,35.337002
31.985277,35.348999
31.820713,35.361000
31.727499,35.372002
31.625498,35.382000
31.510599,35.395000
31.355577,35.410999
31.188498,35.422001
31.050398,35.432999
30.904306,35.444000
30.742519,35.456001
30.401693,35.467999
29.968870,35.479000
29.519396,35.491001
29.076164,35.501999
28.648664,35.513000
28.215969,35.523998
27.791006,35.535999
27.381088,35.546001
26.972321,35.557999
26.319221,35.570999
25.850365,35.582001
25.581064,35.591999
25.224567,35.604000
24.850416,35.615002
24.478491,35.625999
24.119434,35.637001
23.763050,35.648998
23.413916,35.660000
23.083975,35.672001
22.779366,35.682999
22.509943,35.694000
22.288673,35.705002
22.116386,35.716000
21.985725,35.727001
21.893896,35.738998
21.834789,35.749001
21.797058,35.759998
21.770872,35.771999
21.714050,35.784000
21.709530,35.796001
21.673866,35.806000
21.628824,35.818001
21.574110,35.830002
21.505188,35.841999
21.408527,35.854000
21.302462,35.865002
21.289314,35.876999
21.282120,35.888000
21.264004,35.898998
21.253580,35.909000
21.243517,35.921001
21.239912,35.931000
21.231773,35.943001
21.227297,35.953999
21.200281,35.966000
20.876503,35.976002
20.357061,35.987999
19.881372,35.999001
19.437571,36.008999
19.013563,36.021000
18.626871,36.030998
18.268730,36.042999
17.936033,36.054001
17.605671,36.063999
17.304247,36.076000
17.008781,36.088001
16.733227,36.098000
16.481995,36.109001
16.238775,36.119999
16.005558,36.131001
15.789613,36.141998
15.582789,36.152000
15.383239,36.164001
15.191728,36.175999
15.004667,36.186001
14.819070,36.198002
14.634275,36.208000
14.454182,36.220001
14.278482,36.230000
14.103821,36.242001
13.933702,36.251999
13.767353,36.263000
13.598238,36.273998
13.430804,36.284000
13.177547,36.296001
13.093668,36.306000
12.924500,36.318001
12.756521,36.328999
12.588635,36.340000
12.420857,36.351002
12.255905,36.362999
12.090529,36.373001
11.926622,36.383999
11.756442,36.396000
11.651011,36.405998
11.610408,36.417999
11.569569,36.429001
11.527005,36.438999
11.486694,36.451000
11.463189,36.460999
11.281519,36.473000
11.140488,36.484001
11.023397,36.494999
10.904148,36.506001
10.781183,36.516998
10.648870,36.528000
10.506554,36.539001
10.357045,36.549999
10.194665,36.560001
10.012985,36.573002
9.816601,36.584000
9.527731,36.595001
9.428096,36.605000
9.230542,36.617001
9.018481,36.629002
8.793936,36.639000
8.573084,36.651001
8.350398,36.660999
8.124729,36.672001
7.900868,36.682999
7.568036,36.694000
7.460584,36.705002
7.248712,36.715000
7.035332,36.727001
6.822183,36.737999
6.618404,36.749001
6.424441,36.759998
6.136913,36.771000
6.045859,36.782001
5.854194,36.792999
5.668838,36.804001
5.491250,36.813999
5.312508,36.826000
5.129696,36.835999
4.953019,36.847000
4.778363,36.859001
4.479958,36.872002
3.517304,36.882999
2.529653,36.894001
1.466256,36.903999
0.774467,36.915001
0.203894,36.925999
0.198286,36.937000
0.185536,36.949001
0.183141,36.959999
0.194658,36.970001
0.187573,36.981998
0.189217,36.992001
0.192453,37.002998
0.189770,37.014000
0.195524,37.025002
0.193525,37.035999
0.192671,37.048000
0.203291,37.057999
0.187907,37.069000
0.205214,37.081001
0.194667,37.091999
0.192009,37.103001
0.190856,37.113998
0.202632,37.125000
0.197309,37.137001
0.185601,37.146000
0.194933,37.158001
0.190274,37.168999
0.184921,37.179001
0.207982,37.189999
0.195206,37.202000
0.185396,37.212002
0.199414,37.223999
0.200094,37.235001
0.185380,37.244999
0.198358,37.257000
0.199687,37.268002
0.191088,37.278999
0.188451,37.289001
0.199821,37.300999
0.196788,37.312000
0.192415,37.323002
0.194744,37.334000
0.196533,37.345001
0.199663,37.355999
0.188433,37.367001
0.194929,37.377998
0.199331,37.389999
0.189437,37.400002
0.193997,37.410999
0.192633,37.421001
0.187907,37.431999
0.197382,37.443001
0.192198,37.455002
0.186958,37.465000
0.200304,37.476002
0.198229,37.487000
0.186733,37.498001
0.190962,37.508999
0.203787,37.521000
0.197885,37.532001
0.192988,37.542999
0.000000,37.554001
0.000000,37.564999
0.000000,37.576000
0.000000,37.587002
0.000000,37.598000
0.000000,37.608002
0.000000,37.618999
0.000000,37.629002
0.000000,37.639999
0.000000,37.650002
0.000000,37.660999
0.000000,37.673000
0.000000,37.683998
0.000000,37.694000
0.000000,37.705002
0.000000,37.716000
0.000000,37.726002
0.000000,37.737000
0.000000,37.748001
0.000000,37.757999
0.000000,37.769001
0.000000,37.780998
0.000000,37.792000
0.000000,37.801998
0.000000,37.813999
0.000000,37.824001
0.000000,37.835999
0.000000,37.845001
0.000000,37.856998
0.000000,37.866001
0.000000,37.877998
0.000000,37.890999
0.000000,37.902000
0.000000,37.912998
0.000000,37.923000
0.000000,37.933998
0.000000,37.944000
0.000000,37.956001
0.000000,37.967999
0.000000,37.979000
0.000000,37.990002
0.000000,38.000999
0.000000,38.011002
0.000000,38.021999
0.000000,38.033001
0.000000,38.043999
0.000000,38.055000
0.000000,38.066002
0.000000,38.077000
0.000000,38.088001
0.000000,38.098000
0.000000,38.109001
0.000000,38.134998
0.000000,38.146000
0.000000,38.155998
0.000000,38.167999
0.000000,38.178001
0.000000,38.188999
0.000000,38.200001
0.000000,38.209999
0.000000,38.221001
0.000000,38.230999
0.000000,38.242001
0.000000,38.252998
0.000000,38.264000
0.000000,38.273998
0.000000,38.285000
0.000000,38.296001
0.000000,38.306000
0.000000,38.318001
0.000000,38.328999
0.000000,38.339001
0.000000,38.351002
0.000000,38.361000
0.000000,38.372002
0.000000,38.382000
0.000000,38.393002
0.000000,38.403999
0.000000,38.414001
0.000000,38.424999
0.000000,38.435001
0.000000,38.445999
0.000000,38.456001
0.000000,38.466000
0.000000,38.478001
0.000000,38.488998
0.000000,38.499001
0.000000,38.509998
0.000000,38.520000
0.000000,38.530998
0.000000,38.541000
0.000000,38.553001
0.000000,38.563000
0.000000,38.575001
0.000000,38.585999
0.000000,38.597000
0.000000,38.605999
0.000000,38.617001
0.000000,38.629002
0.000000,38.639000
0.000000,38.650002
0.000000,38.660000
0.000000,38.671001
0.000000,38.681000
0.000000,38.692001
0.000000,38.702999
0.000000,38.713001
0.000000,38.723999
0.000000,38.735001
0.000000,38.744999
0.000000,38.756001
0.000000,38.765999
0.000000,38.777000
0.000000,38.787998
0.000000,38.799000
0.000000,38.808998
0.000000,38.820000
0.000000,38.830002
0.000000,38.841000
0.000000,38.851002
0.000000,38.862999
0.000000,38.873001
0.000000,38.883999
0.000000,38.894001
0.000000,38.904999
0.000000,38.916000
0.000000,38.929001
0.000000,38.938999
0.000000,38.950001
0.000000,38.960999
0.000000,38.972000
0.000000,38.981998
0.000000,38.993000
0.000000,39.004002
0.000000,39.014999
0.000000,39.025002
0.000000,39.035999
0.000000,39.046001
0.000000,39.056999
0.000000,39.068001
0.000000,39.077999
0.000000,39.089001
0.000000,39.098999
0.000000,39.109001
0.000000,39.119999
0.000000,39.131001
0.000000,39.140999
0.000000,39.152000
0.000000,39.161999
0.000000,39.173000
0.000000,39.183998
0.000000,39.194000
0.000000,39.205002
0.000000,39.216000
0.000000,39.227001
0.000000,39.237999
0.000000,39.249001
0.000000,39.259998
0.000000,39.270000
0.000000,39.280998
0.000000,39.291000
0.000000,39.301998
0.000000,39.313000
0.000000,39.325001
0.000000,39.334999
0.000000,39.346001
0.000000,39.355999
0.000000,39.367001
0.000000,39.377998
0.000000,39.389000
0.000000,39.400002
0.000000,39.410000
0.000000,39.421001
0.000000,39.431000
0.000000,39.441002
0.000000,39.452000
0.000000,39.462002
0.000000,39.473000
0.000000,39.484001
0.000000,39.500999
0.000000,39.511002
0.000000,39.521999
0.000000,39.532001
0.000000,39.542999
0.000000,39.554001
0.000000,39.564999
0.000000,39.577000
0.000000,39.588001
0.000000,39.598999
0.000000,39.609001
0.000000,39.619999
0.000000,39.630001
0.000000,39.641998
0.000000,39.652000
0.000000,39.662998
0.000000,39.673000
0.000000,39.685001
0.000000,39.695000
0.000000,39.706001
0.000000,39.716000
0.000000,39.727001
0.000000,39.737999
0.000000,39.748001
0.000000,39.759998
0.000000,39.770000
0.000000,39.782001
0.000000,39.794998
0.000000,39.805000
0.000000,39.817001
0.000000,39.827999
0.000000,39.838001
0.000000,39.849998
0.000000,39.860001
0.000000,39.874001
0.000000,39.886002
0.000000,39.896999
0.000000,39.910000
0.000000,39.921001
0.000000,39.931999
0.000000,39.945000
0.000000,39.956001
0.000000,39.967999
0.000000,39.981998
0.000000,39.993999
0.000000,40.007000
0.000000,40.018002
0.000000,40.028999
0.000000,40.041000
0.000000,40.053001
0.000000,40.064999
0.000000,40.076000
0.000000,40.088001
0.000000,40.099998
0.000000,40.112000
0.000000,40.123001
0.000000,40.133999
0.000000,40.145000
0.000000,40.157001
0.000000,40.167999
0.000000,40.180000
0.000000,40.191002
0.000000,40.201000
0.000000,40.212002
0.000000,40.223000
0.000000,40.234001
0.000000,40.243999
0.000000,40.256001
0.000000,40.265999
0.000000,40.278000
0.000000,40.289001
0.000000,40.299000
0.000000,40.308998
0.000000,40.320000
0.000000,40.330002
0.000000,40.342999
0.000000,40.355000
0.000000,40.366001
0.000000,40.379002
0.000000,40.403999
0.000000,40.415001
0.000000,40.426998
0.000000,40.438000
0.000000,40.448002
0.000000,40.459999
0.000000,40.470001
0.000000,40.480999
0.000000,40.492001
0.000000,40.501999
0.000000,40.514000
0.000000,40.585999
