YawRotation,Timestamp
-59.192665,2024.10.22-21.08.40
-59.171669,2024.10.22-21.08.41
-20.272764,2024.10.22-21.08.47
-20.390320,2024.10.22-21.08.47
-20.405621,2024.10.22-21.08.47
-20.413937,2024.10.22-21.08.47
-20.369549,2024.10.22-21.08.47
-20.198076,2024.10.22-21.08.47
-19.949209,2024.10.22-21.08.47
-19.727968,2024.10.22-21.08.47
-19.465088,2024.10.22-21.08.47
-19.375547,2024.10.22-21.08.47
-19.236111,2024.10.22-21.08.47
-19.179689,2024.10.22-21.08.47
-19.073196,2024.10.22-21.08.47
-19.094309,2024.10.22-21.08.47
-19.319311,2024.10.22-21.08.47
-19.463865,2024.10.22-21.08.47
-19.551603,2024.10.22-21.08.47
-19.805639,2024.10.22-21.08.47
-19.957296,2024.10.22-21.08.47
-20.349613,2024.10.22-21.08.47
-20.611246,2024.10.22-21.08.47
-20.868883,2024.10.22-21.08.47
-21.092703,2024.10.22-21.08.47
-21.161938,2024.10.22-21.08.47
-21.230558,2024.10.22-21.08.47
-21.218767,2024.10.22-21.08.47
-21.089649,2024.10.22-21.08.47
-20.764135,2024.10.22-21.08.47
-20.534609,2024.10.22-21.08.47
-19.971386,2024.10.22-21.08.47
-19.623203,2024.10.22-21.08.47
-18.962021,2024.10.22-21.08.47
-18.626602,2024.10.22-21.08.47
-17.960871,2024.10.22-21.08.47
-17.134504,2024.10.22-21.08.47
-16.485758,2024.10.22-21.08.47
-16.170698,2024.10.22-21.08.47
-15.772629,2024.10.22-21.08.47
-15.295585,2024.10.22-21.08.47
-14.735246,2024.10.22-21.08.47
-14.499645,2024.10.22-21.08.47
-14.126209,2024.10.22-21.08.47
-13.955782,2024.10.22-21.08.47
-13.454894,2024.10.22-21.08.48
-13.319028,2024.10.22-21.08.48
-13.052668,2024.10.22-21.08.48
-12.907622,2024.10.22-21.08.48
-12.725570,2024.10.22-21.08.48
-12.727448,2024.10.22-21.08.48
-12.819189,2024.10.22-21.08.48
-12.933945,2024.10.22-21.08.48
-13.016599,2024.10.22-21.08.48
-13.141696,2024.10.22-21.08.48
-13.355861,2024.10.22-21.08.48
-13.497754,2024.10.22-21.08.48
-13.719594,2024.10.22-21.08.48
-13.837284,2024.10.22-21.08.48
-14.061966,2024.10.22-21.08.48
-14.171058,2024.10.22-21.08.48
-14.368482,2024.10.22-21.08.48
-14.467766,2024.10.22-21.08.48
-14.564985,2024.10.22-21.08.48
-14.678868,2024.10.22-21.08.48
-14.684643,2024.10.22-21.08.48
-14.651669,2024.10.22-21.08.48
-14.606376,2024.10.22-21.08.48
-14.508617,2024.10.22-21.08.48
-14.225802,2024.10.22-21.08.48
-13.990827,2024.10.22-21.08.48
-13.413582,2024.10.22-21.08.48
-12.983157,2024.10.22-21.08.48
-12.446891,2024.10.22-21.08.48
-11.439072,2024.10.22-21.08.48
-10.772249,2024.10.22-21.08.48
-9.912471,2024.10.22-21.08.48
-8.204074,2024.10.22-21.08.48
-7.295380,2024.10.22-21.08.48
-6.194866,2024.10.22-21.08.48
-4.065722,2024.10.22-21.08.48
-2.939470,2024.10.22-21.08.48
-1.658034,2024.10.22-21.08.48
-0.088490,2024.10.22-21.08.48
2.140817,2024.10.22-21.08.48
3.609896,2024.10.22-21.08.48
6.441121,2024.10.22-21.08.48
7.833959,2024.10.22-21.08.48
9.582850,2024.10.22-21.08.48
9.582850,2024.10.22-21.08.48
13.728502,2024.10.22-21.08.48
17.081802,2024.10.22-21.08.48
20.462111,2024.10.22-21.08.48
24.138115,2024.10.22-21.08.48
27.771133,2024.10.22-21.08.48
31.600954,2024.10.22-21.08.48
35.815239,2024.10.22-21.08.48
40.056129,2024.10.22-21.08.48
44.370930,2024.10.22-21.08.48
48.375832,2024.10.22-21.08.48
52.563038,2024.10.22-21.08.48
56.719185,2024.10.22-21.08.48
60.593807,2024.10.22-21.08.48
64.378815,2024.10.22-21.08.48
67.945190,2024.10.22-21.08.49
71.289917,2024.10.22-21.08.49
74.069649,2024.10.22-21.08.49
76.447624,2024.10.22-21.08.49
78.540619,2024.10.22-21.08.49
80.312782,2024.10.22-21.08.49
81.585419,2024.10.22-21.08.49
82.446434,2024.10.22-21.08.49
83.051109,2024.10.22-21.08.49
83.255852,2024.10.22-21.08.49
83.003357,2024.10.22-21.08.49
82.620316,2024.10.22-21.08.49
82.137398,2024.10.22-21.08.49
81.669754,2024.10.22-21.08.49
81.044052,2024.10.22-21.08.49
80.322655,2024.10.22-21.08.49
79.570770,2024.10.22-21.08.49
78.700104,2024.10.22-21.08.49
77.298386,2024.10.22-21.08.49
75.563919,2024.10.22-21.08.49
73.395699,2024.10.22-21.08.49
70.686615,2024.10.22-21.08.49
67.457535,2024.10.22-21.08.49
63.863426,2024.10.22-21.08.49
60.067959,2024.10.22-21.08.49
55.742962,2024.10.22-21.08.49
51.681370,2024.10.22-21.08.49
47.046844,2024.10.22-21.08.49
42.494270,2024.10.22-21.08.49
38.026501,2024.10.22-21.08.49
33.427834,2024.10.22-21.08.49
28.377058,2024.10.22-21.08.49
22.843454,2024.10.22-21.08.49
17.360308,2024.10.22-21.08.49
12.548265,2024.10.22-21.08.49
7.073368,2024.10.22-21.08.49
1.819710,2024.10.22-21.08.49
-3.059418,2024.10.22-21.08.49
-7.674324,2024.10.22-21.08.49
-12.551604,2024.10.22-21.08.49
-17.397974,2024.10.22-21.08.49
-22.289618,2024.10.22-21.08.49
-26.944778,2024.10.22-21.08.49
-31.767168,2024.10.22-21.08.49
-36.910786,2024.10.22-21.08.49
-41.557709,2024.10.22-21.08.50
-46.641285,2024.10.22-21.08.50
-51.422428,2024.10.22-21.08.50
-55.947498,2024.10.22-21.08.50
-60.361931,2024.10.22-21.08.50
-64.893364,2024.10.22-21.08.50
-68.823647,2024.10.22-21.08.50
-72.735306,2024.10.22-21.08.50
-76.350571,2024.10.22-21.08.50
-79.356781,2024.10.22-21.08.50
-81.837166,2024.10.22-21.08.50
-84.355431,2024.10.22-21.08.50
-86.317139,2024.10.22-21.08.50
-87.306046,2024.10.22-21.08.50
-88.269455,2024.10.22-21.08.50
-89.035370,2024.10.22-21.08.50
-89.360077,2024.10.22-21.08.50
-89.374146,2024.10.22-21.08.50
-89.511253,2024.10.22-21.08.50
-89.894249,2024.10.22-21.08.50
-90.157120,2024.10.22-21.08.50
-90.528725,2024.10.22-21.08.50
-90.957581,2024.10.22-21.08.50
-91.399323,2024.10.22-21.08.50
-91.618790,2024.10.22-21.08.50
-91.609993,2024.10.22-21.08.50
-91.535172,2024.10.22-21.08.50
-91.250595,2024.10.22-21.08.50
-90.660988,2024.10.22-21.08.50
-89.811523,2024.10.22-21.08.50
-88.446953,2024.10.22-21.08.50
-86.801765,2024.10.22-21.08.50
-84.431931,2024.10.22-21.08.50
-81.834015,2024.10.22-21.08.50
-79.019066,2024.10.22-21.08.50
-76.024994,2024.10.22-21.08.50
-72.517265,2024.10.22-21.08.50
-69.253426,2024.10.22-21.08.50
-65.528770,2024.10.22-21.08.50
-61.103428,2024.10.22-21.08.50
-56.167915,2024.10.22-21.08.50
-52.429214,2024.10.22-21.08.50
-48.179756,2024.10.22-21.08.50
-43.732246,2024.10.22-21.08.50
-39.187366,2024.10.22-21.08.50
-34.704624,2024.10.22-21.08.51
-30.698727,2024.10.22-21.08.51
-28.125784,2024.10.22-21.08.51
-26.181482,2024.10.22-21.08.51
-23.949274,2024.10.22-21.08.51
-21.433535,2024.10.22-21.08.51
-19.328541,2024.10.22-21.08.51
-17.943295,2024.10.22-21.08.51
-17.059978,2024.10.22-21.08.51
-16.212437,2024.10.22-21.08.51
-15.422420,2024.10.22-21.08.51
-14.991393,2024.10.22-21.08.51
-14.859334,2024.10.22-21.08.51
-15.021523,2024.10.22-21.08.51
-15.135532,2024.10.22-21.08.51
-15.175273,2024.10.22-21.08.51
-15.268586,2024.10.22-21.08.51
-15.212120,2024.10.22-21.08.51
-15.169636,2024.10.22-21.08.51
-15.152338,2024.10.22-21.08.51
-15.293312,2024.10.22-21.08.51
-15.155453,2024.10.22-21.08.51
-15.259448,2024.10.22-21.08.51
-15.152286,2024.10.22-21.08.51
-15.055971,2024.10.22-21.08.51
-14.872066,2024.10.22-21.08.51
-14.057391,2024.10.22-21.08.51
-14.794394,2024.10.22-21.08.51
-15.390666,2024.10.22-21.08.51
-15.731730,2024.10.22-21.08.51
-15.858063,2024.10.22-21.08.51
-15.527267,2024.10.22-21.08.51
-15.174018,2024.10.22-21.08.51
-15.268569,2024.10.22-21.08.51
-15.766108,2024.10.22-21.08.51
-15.941256,2024.10.22-21.08.51
-16.100227,2024.10.22-21.08.51
-16.398338,2024.10.22-21.08.51
-16.973055,2024.10.22-21.08.51
-18.184511,2024.10.22-21.08.51
-19.609558,2024.10.22-21.08.51
-21.127882,2024.10.22-21.08.51
-22.645943,2024.10.22-21.08.51
-24.133717,2024.10.22-21.08.51
-25.930164,2024.10.22-21.08.51
-27.588926,2024.10.22-21.08.52
-29.163601,2024.10.22-21.08.52
-30.602001,2024.10.22-21.08.52
-31.758055,2024.10.22-21.08.52
-33.281597,2024.10.22-21.08.52
-34.710461,2024.10.22-21.08.52
-35.702930,2024.10.22-21.08.52
-36.877308,2024.10.22-21.08.52
-38.621983,2024.10.22-21.08.52
-40.067810,2024.10.22-21.08.52
-41.261238,2024.10.22-21.08.52
-42.398979,2024.10.22-21.08.52
-43.501228,2024.10.22-21.08.52
-44.322617,2024.10.22-21.08.52
-44.413982,2024.10.22-21.08.52
-44.587013,2024.10.22-21.08.52
-44.862274,2024.10.22-21.08.52
-44.443466,2024.10.22-21.08.52
-43.456963,2024.10.22-21.08.52
-41.910667,2024.10.22-21.08.52
-40.189999,2024.10.22-21.08.52
-38.522079,2024.10.22-21.08.52
-36.543121,2024.10.22-21.08.52
-34.291607,2024.10.22-21.08.52
-31.973286,2024.10.22-21.08.52
-29.466299,2024.10.22-21.08.52
-27.388109,2024.10.22-21.08.52
-25.446983,2024.10.22-21.08.52
-23.984980,2024.10.22-21.08.52
-22.516874,2024.10.22-21.08.52
-21.008059,2024.10.22-21.08.52
-19.630058,2024.10.22-21.08.52
-18.628983,2024.10.22-21.08.52
-17.486256,2024.10.22-21.08.52
-16.374367,2024.10.22-21.08.52
-15.697290,2024.10.22-21.08.52
-14.938213,2024.10.22-21.08.52
-14.133549,2024.10.22-21.08.52
-13.554599,2024.10.22-21.08.52
-13.108296,2024.10.22-21.08.52
-12.896336,2024.10.22-21.08.52
-12.618220,2024.10.22-21.08.52
-12.469403,2024.10.22-21.08.52
-12.276253,2024.10.22-21.08.52
-12.030695,2024.10.22-21.08.52
-11.537692,2024.10.22-21.08.53
-10.752716,2024.10.22-21.08.53
-10.558355,2024.10.22-21.08.53
-10.584067,2024.10.22-21.08.53
-10.844027,2024.10.22-21.08.53
-11.127228,2024.10.22-21.08.53
-11.649360,2024.10.22-21.08.53
-11.915975,2024.10.22-21.08.53
-12.125980,2024.10.22-21.08.53
-12.336768,2024.10.22-21.08.53
-12.341526,2024.10.22-21.08.53
-11.889599,2024.10.22-21.08.53
-11.589869,2024.10.22-21.08.53
-11.498117,2024.10.22-21.08.53
-11.504063,2024.10.22-21.08.53
-11.622079,2024.10.22-21.08.53
-11.957555,2024.10.22-21.08.53
-12.099952,2024.10.22-21.08.53
-12.098824,2024.10.22-21.08.53
-12.196780,2024.10.22-21.08.53
-12.153677,2024.10.22-21.08.53
-12.137346,2024.10.22-21.08.53
-11.985536,2024.10.22-21.08.53
-11.430059,2024.10.22-21.08.53
-10.914180,2024.10.22-21.08.53
-9.920966,2024.10.22-21.08.53
-8.823027,2024.10.22-21.08.53
-7.467824,2024.10.22-21.08.53
-6.435798,2024.10.22-21.08.53
-5.644345,2024.10.22-21.08.53
-4.999548,2024.10.22-21.08.53
-4.413018,2024.10.22-21.08.53
-3.934858,2024.10.22-21.08.53
-3.822070,2024.10.22-21.08.53
-3.667303,2024.10.22-21.08.53
-3.614470,2024.10.22-21.08.53
-3.524873,2024.10.22-21.08.53
-3.305070,2024.10.22-21.08.53
-3.451755,2024.10.22-21.08.53
-3.919815,2024.10.22-21.08.53
-4.390634,2024.10.22-21.08.53
-4.926125,2024.10.22-21.08.53
-5.445843,2024.10.22-21.08.53
-5.886742,2024.10.22-21.08.53
-6.336384,2024.10.22-21.08.53
-6.642364,2024.10.22-21.08.54
-6.807307,2024.10.22-21.08.54
-7.069863,2024.10.22-21.08.54
-7.183033,2024.10.22-21.08.54
-7.073682,2024.10.22-21.08.54
-6.752291,2024.10.22-21.08.54
-6.267903,2024.10.22-21.08.54
-5.712244,2024.10.22-21.08.54
-5.094025,2024.10.22-21.08.54
-4.375730,2024.10.22-21.08.54
-3.571225,2024.10.22-21.08.54
-2.717239,2024.10.22-21.08.54
-1.443133,2024.10.22-21.08.54
-0.301836,2024.10.22-21.08.54
0.921274,2024.10.22-21.08.54
2.191582,2024.10.22-21.08.54
3.051746,2024.10.22-21.08.54
3.683747,2024.10.22-21.08.54
4.420399,2024.10.22-21.08.54
4.860406,2024.10.22-21.08.54
5.019209,2024.10.22-21.08.54
5.131711,2024.10.22-21.08.54
5.032482,2024.10.22-21.08.54
5.896043,2024.10.22-21.08.54
8.128724,2024.10.22-21.08.54
10.702125,2024.10.22-21.08.54
13.131772,2024.10.22-21.08.54
15.410818,2024.10.22-21.08.54
17.296282,2024.10.22-21.08.54
19.533451,2024.10.22-21.08.54
22.017235,2024.10.22-21.08.54
24.448936,2024.10.22-21.08.54
26.977173,2024.10.22-21.08.54
29.142435,2024.10.22-21.08.54
31.046230,2024.10.22-21.08.54
33.450550,2024.10.22-21.08.54
36.415302,2024.10.22-21.08.54
38.871525,2024.10.22-21.08.54
41.156841,2024.10.22-21.08.54
43.771126,2024.10.22-21.08.54
46.910870,2024.10.22-21.08.54
50.206463,2024.10.22-21.08.54
53.286652,2024.10.22-21.08.54
56.087044,2024.10.22-21.08.54
59.683071,2024.10.22-21.08.54
63.817406,2024.10.22-21.08.55
67.850838,2024.10.22-21.08.55
70.880951,2024.10.22-21.08.55
73.834785,2024.10.22-21.08.55
77.545174,2024.10.22-21.08.55
81.987396,2024.10.22-21.08.55
86.730217,2024.10.22-21.08.55
91.324699,2024.10.22-21.08.55
95.907326,2024.10.22-21.08.55
100.620308,2024.10.22-21.08.55
105.448906,2024.10.22-21.08.55
109.921646,2024.10.22-21.08.55
113.929367,2024.10.22-21.08.55
117.623116,2024.10.22-21.08.55
120.606583,2024.10.22-21.08.55
123.125519,2024.10.22-21.08.55
124.939163,2024.10.22-21.08.55
126.123367,2024.10.22-21.08.55
127.214134,2024.10.22-21.08.55
128.217255,2024.10.22-21.08.55
129.166763,2024.10.22-21.08.55
130.131378,2024.10.22-21.08.55
131.234299,2024.10.22-21.08.55
132.455612,2024.10.22-21.08.55
133.787415,2024.10.22-21.08.55
135.300766,2024.10.22-21.08.55
137.062302,2024.10.22-21.08.55
138.871109,2024.10.22-21.08.55
141.062302,2024.10.22-21.08.55
143.655594,2024.10.22-21.08.55
146.452881,2024.10.22-21.08.55
149.405121,2024.10.22-21.08.55
152.703873,2024.10.22-21.08.55
156.304993,2024.10.22-21.08.55
160.254868,2024.10.22-21.08.55
163.737885,2024.10.22-21.08.55
167.248032,2024.10.22-21.08.55
170.795105,2024.10.22-21.08.55
173.809677,2024.10.22-21.08.55
175.385590,2024.10.22-21.08.55
175.809631,2024.10.22-21.08.55
175.333527,2024.10.22-21.08.55
176.224045,2024.10.22-21.08.55
177.183884,2024.10.22-21.08.55
179.450790,2024.10.22-21.08.55
-177.763229,2024.10.22-21.08.56
-174.420517,2024.10.22-21.08.56
-171.699432,2024.10.22-21.08.56
-168.063339,2024.10.22-21.08.56
-163.956345,2024.10.22-21.08.56
-160.411148,2024.10.22-21.08.56
-157.872940,2024.10.22-21.08.56
-155.132401,2024.10.22-21.08.56
-151.994141,2024.10.22-21.08.56
-149.023071,2024.10.22-21.08.56
-146.518753,2024.10.22-21.08.56
-144.099121,2024.10.22-21.08.56
-141.606598,2024.10.22-21.08.56
-139.263687,2024.10.22-21.08.56
-137.294647,2024.10.22-21.08.56
-136.119400,2024.10.22-21.08.56
-134.707199,2024.10.22-21.08.56
-133.610657,2024.10.22-21.08.56
-132.085236,2024.10.22-21.08.56
-130.326126,2024.10.22-21.08.56
-128.870636,2024.10.22-21.08.56
-126.837234,2024.10.22-21.08.56
-124.586441,2024.10.22-21.08.56
-121.769127,2024.10.22-21.08.56
-118.773651,2024.10.22-21.08.56
-114.538803,2024.10.22-21.08.56
-110.889252,2024.10.22-21.08.56
-106.559090,2024.10.22-21.08.56
-102.180092,2024.10.22-21.08.56
-97.767471,2024.10.22-21.08.56
-93.459793,2024.10.22-21.08.56
-88.174339,2024.10.22-21.08.56
-84.711235,2024.10.22-21.08.56
-81.012344,2024.10.22-21.08.56
-78.123535,2024.10.22-21.08.56
-75.190788,2024.10.22-21.08.56
-72.216415,2024.10.22-21.08.56
-70.152039,2024.10.22-21.08.56
-68.220581,2024.10.22-21.08.56
-66.169037,2024.10.22-21.08.56
-64.332199,2024.10.22-21.08.56
-62.727928,2024.10.22-21.08.56
-60.998871,2024.10.22-21.08.56
-58.703812,2024.10.22-21.08.56
-56.107777,2024.10.22-21.08.56
-53.750401,2024.10.22-21.08.57
-51.579300,2024.10.22-21.08.57
-49.286495,2024.10.22-21.08.57
-46.379150,2024.10.22-21.08.57
-43.809586,2024.10.22-21.08.57
-41.389896,2024.10.22-21.08.57
-38.824951,2024.10.22-21.08.57
-36.547935,2024.10.22-21.08.57
-34.152054,2024.10.22-21.08.57
-32.221561,2024.10.22-21.08.57
-30.680122,2024.10.22-21.08.57
-29.481428,2024.10.22-21.08.57
-28.529900,2024.10.22-21.08.57
-28.110556,2024.10.22-21.08.57
-27.897383,2024.10.22-21.08.57
-29.113914,2024.10.22-21.08.57
-30.171341,2024.10.22-21.08.57
-31.515194,2024.10.22-21.08.57
-32.013401,2024.10.22-21.08.57
-32.582920,2024.10.22-21.08.57
-32.948956,2024.10.22-21.08.57
-32.854084,2024.10.22-21.08.57
-32.696850,2024.10.22-21.08.57
-32.574791,2024.10.22-21.08.57
-32.515400,2024.10.22-21.08.57
-32.367149,2024.10.22-21.08.57
-32.561043,2024.10.22-21.08.57
-33.051723,2024.10.22-21.08.57
-33.361595,2024.10.22-21.08.57
-33.649952,2024.10.22-21.08.57
-34.076065,2024.10.22-21.08.57
-34.779369,2024.10.22-21.08.57
-35.765472,2024.10.22-21.08.57
-36.909039,2024.10.22-21.08.57
-38.219440,2024.10.22-21.08.57
-39.563770,2024.10.22-21.08.57
-40.929871,2024.10.22-21.08.57
-43.010551,2024.10.22-21.08.57
-45.717873,2024.10.22-21.08.57
-48.972763,2024.10.22-21.08.57
-52.793648,2024.10.22-21.08.57
-56.668522,2024.10.22-21.08.57
-60.276894,2024.10.22-21.08.57
-65.069931,2024.10.22-21.08.57
-70.405205,2024.10.22-21.08.57
-75.395737,2024.10.22-21.08.58
-80.406487,2024.10.22-21.08.58
-86.238625,2024.10.22-21.08.58
-92.752113,2024.10.22-21.08.58
-99.011826,2024.10.22-21.08.58
-104.949265,2024.10.22-21.08.58
-111.669456,2024.10.22-21.08.58
-118.935524,2024.10.22-21.08.58
-126.751160,2024.10.22-21.08.58
-133.564377,2024.10.22-21.08.58
-139.665237,2024.10.22-21.08.58
-145.156998,2024.10.22-21.08.58
-149.500198,2024.10.22-21.08.58
-153.514496,2024.10.22-21.08.58
-158.000275,2024.10.22-21.08.58
-163.061111,2024.10.22-21.08.58
-167.797028,2024.10.22-21.08.58
-172.212189,2024.10.22-21.08.58
-176.042068,2024.10.22-21.08.58
-179.192123,2024.10.22-21.08.58
178.098709,2024.10.22-21.08.58
175.809814,2024.10.22-21.08.58
173.480072,2024.10.22-21.08.58
172.232712,2024.10.22-21.08.58
171.649063,2024.10.22-21.08.58
171.292221,2024.10.22-21.08.58
171.056335,2024.10.22-21.08.58
171.427231,2024.10.22-21.08.58
171.913177,2024.10.22-21.08.58
172.397018,2024.10.22-21.08.58
172.822998,2024.10.22-21.08.58
173.582138,2024.10.22-21.08.58
174.567139,2024.10.22-21.08.58
175.754196,2024.10.22-21.08.58
176.997177,2024.10.22-21.08.58
178.001587,2024.10.22-21.08.58
179.159164,2024.10.22-21.08.58
-179.916916,2024.10.22-21.08.58
-179.444336,2024.10.22-21.08.58
179.757675,2024.10.22-21.08.58
179.017685,2024.10.22-21.08.58
178.203705,2024.10.22-21.08.58
176.669144,2024.10.22-21.08.58
175.051895,2024.10.22-21.08.58
172.841461,2024.10.22-21.08.58
169.859070,2024.10.22-21.08.59
166.444382,2024.10.22-21.08.59
162.626678,2024.10.22-21.08.59
158.727966,2024.10.22-21.08.59
155.079880,2024.10.22-21.08.59
151.697495,2024.10.22-21.08.59
148.875900,2024.10.22-21.08.59
146.688766,2024.10.22-21.08.59
144.630661,2024.10.22-21.08.59
143.012085,2024.10.22-21.08.59
140.946335,2024.10.22-21.08.59
138.461105,2024.10.22-21.08.59
134.474915,2024.10.22-21.08.59
130.943466,2024.10.22-21.08.59
127.700951,2024.10.22-21.08.59
123.739754,2024.10.22-21.08.59
120.195747,2024.10.22-21.08.59
117.116348,2024.10.22-21.08.59
114.413979,2024.10.22-21.08.59
112.021614,2024.10.22-21.08.59
109.553078,2024.10.22-21.08.59
107.527573,2024.10.22-21.08.59
106.369553,2024.10.22-21.08.59
105.396339,2024.10.22-21.08.59
104.747505,2024.10.22-21.08.59
104.549095,2024.10.22-21.08.59
103.937317,2024.10.22-21.08.59
103.100655,2024.10.22-21.08.59
102.320023,2024.10.22-21.08.59
101.779694,2024.10.22-21.08.59
101.704697,2024.10.22-21.08.59
99.253220,2024.10.22-21.08.59
95.779724,2024.10.22-21.08.59
92.983147,2024.10.22-21.08.59
89.444572,2024.10.22-21.08.59
84.581223,2024.10.22-21.08.59
80.564171,2024.10.22-21.08.59
76.984161,2024.10.22-21.08.59
72.164955,2024.10.22-21.08.59
70.084335,2024.10.22-21.08.59
66.766022,2024.10.22-21.08.59
63.498074,2024.10.22-21.08.59
60.326031,2024.10.22-21.08.59
56.826988,2024.10.22-21.08.59
51.966908,2024.10.22-21.08.59
47.417927,2024.10.22-21.09.00
43.612076,2024.10.22-21.09.00
39.718880,2024.10.22-21.09.00
36.155468,2024.10.22-21.09.00
33.254318,2024.10.22-21.09.00
30.051542,2024.10.22-21.09.00
26.362402,2024.10.22-21.09.00
23.457199,2024.10.22-21.09.00
20.869246,2024.10.22-21.09.00
17.839382,2024.10.22-21.09.00
14.222968,2024.10.22-21.09.00
11.525653,2024.10.22-21.09.00
8.685067,2024.10.22-21.09.00
5.784779,2024.10.22-21.09.00
3.443596,2024.10.22-21.09.00
1.523795,2024.10.22-21.09.00
0.133578,2024.10.22-21.09.00
-1.620386,2024.10.22-21.09.00
-4.323287,2024.10.22-21.09.00
-6.029099,2024.10.22-21.09.00
-8.553786,2024.10.22-21.09.00
-10.709347,2024.10.22-21.09.00
-12.641662,2024.10.22-21.09.00
-14.410074,2024.10.22-21.09.00
-15.323534,2024.10.22-21.09.00
-15.151627,2024.10.22-21.09.00
-15.834874,2024.10.22-21.09.00
-15.950127,2024.10.22-21.09.00
-15.770881,2024.10.22-21.09.00
-15.104565,2024.10.22-21.09.00
-14.978315,2024.10.22-21.09.00
-14.499489,2024.10.22-21.09.00
-13.664278,2024.10.22-21.09.00
-13.370503,2024.10.22-21.09.00
-13.053274,2024.10.22-21.09.00
-13.386550,2024.10.22-21.09.00
-14.304305,2024.10.22-21.09.00
-15.322803,2024.10.22-21.09.00
-15.892955,2024.10.22-21.09.00
-15.859733,2024.10.22-21.09.00
-17.661690,2024.10.22-21.09.00
-19.195938,2024.10.22-21.09.00
-19.776539,2024.10.22-21.09.00
-20.185139,2024.10.22-21.09.00
-20.811583,2024.10.22-21.09.00
-21.527239,2024.10.22-21.09.01
-22.088617,2024.10.22-21.09.01
-22.801958,2024.10.22-21.09.01
-23.481524,2024.10.22-21.09.01
-23.957819,2024.10.22-21.09.01
-24.524878,2024.10.22-21.09.01
-25.303787,2024.10.22-21.09.01
-25.864729,2024.10.22-21.09.01
-26.180862,2024.10.22-21.09.01
-26.116005,2024.10.22-21.09.01
-26.055088,2024.10.22-21.09.01
-26.245131,2024.10.22-21.09.01
-26.318197,2024.10.22-21.09.01
-26.937115,2024.10.22-21.09.01
-26.619598,2024.10.22-21.09.01
-26.682335,2024.10.22-21.09.01
-26.929688,2024.10.22-21.09.01
-27.268412,2024.10.22-21.09.01
-27.882179,2024.10.22-21.09.01
-28.731869,2024.10.22-21.09.01
-29.621058,2024.10.22-21.09.01
-29.250233,2024.10.22-21.09.01
-29.759958,2024.10.22-21.09.01
-30.285688,2024.10.22-21.09.01
-30.054487,2024.10.22-21.09.01
-29.961002,2024.10.22-21.09.01
-29.899223,2024.10.22-21.09.01
-29.634205,2024.10.22-21.09.01
-29.520567,2024.10.22-21.09.01
-29.654350,2024.10.22-21.09.01
-29.658531,2024.10.22-21.09.01
-29.622740,2024.10.22-21.09.01
-29.648983,2024.10.22-21.09.01
-29.666624,2024.10.22-21.09.01
-29.622269,2024.10.22-21.09.01
-29.673903,2024.10.22-21.09.01
-29.664516,2024.10.22-21.09.01
-29.619493,2024.10.22-21.09.01
-29.685171,2024.10.22-21.09.01
-29.753403,2024.10.22-21.09.01
-29.742405,2024.10.22-21.09.01
-29.825474,2024.10.22-21.09.01
-30.016060,2024.10.22-21.09.01
-30.102398,2024.10.22-21.09.01
-29.962248,2024.10.22-21.09.01
-29.968904,2024.10.22-21.09.02
-29.940338,2024.10.22-21.09.02
-29.966766,2024.10.22-21.09.02
-29.961046,2024.10.22-21.09.02
-29.959412,2024.10.22-21.09.02
-29.981848,2024.10.22-21.09.02
-29.991335,2024.10.22-21.09.02
-29.992125,2024.10.22-21.09.02
-29.966579,2024.10.22-21.09.02
-29.982378,2024.10.22-21.09.02
-29.988214,2024.10.22-21.09.02
-30.007605,2024.10.22-21.09.02
-29.996658,2024.10.22-21.09.02
-29.993603,2024.10.22-21.09.02
-29.996290,2024.10.22-21.09.02
-29.987091,2024.10.22-21.09.02
-30.001871,2024.10.22-21.09.02
-30.012962,2024.10.22-21.09.02
-30.009748,2024.10.22-21.09.02
-30.008608,2024.10.22-21.09.02
-30.002493,2024.10.22-21.09.02
-30.001471,2024.10.22-21.09.02
-30.006918,2024.10.22-21.09.02
-30.028389,2024.10.22-21.09.02
-30.023668,2024.10.22-21.09.02
-30.128540,2024.10.22-21.09.02
-30.076956,2024.10.22-21.09.02
-30.088224,2024.10.22-21.09.02
-30.082026,2024.10.22-21.09.02
-30.070114,2024.10.22-21.09.02
-30.072771,2024.10.22-21.09.02
-30.056089,2024.10.22-21.09.02
-30.064714,2024.10.22-21.09.02
-30.069271,2024.10.22-21.09.02
-30.069929,2024.10.22-21.09.02
-30.031931,2024.10.22-21.09.02
-30.021080,2024.10.22-21.09.02
-30.017550,2024.10.22-21.09.02
-30.028250,2024.10.22-21.09.02
-30.040508,2024.10.22-21.09.02
-30.040018,2024.10.22-21.09.02
-30.049376,2024.10.22-21.09.02
-30.048763,2024.10.22-21.09.02
-30.044880,2024.10.22-21.09.02
-30.063797,2024.10.22-21.09.02
-30.057909,2024.10.22-21.09.03
-30.051235,2024.10.22-21.09.03
-30.060432,2024.10.22-21.09.03
-30.062653,2024.10.22-21.09.03
-30.046621,2024.10.22-21.09.03
-30.061153,2024.10.22-21.09.03
-30.056496,2024.10.22-21.09.03
-30.075743,2024.10.22-21.09.03
-30.071310,2024.10.22-21.09.03
-30.069798,2024.10.22-21.09.03
-30.062523,2024.10.22-21.09.03
-30.062410,2024.10.22-21.09.03
-30.066835,2024.10.22-21.09.03
-30.083761,2024.10.22-21.09.03
-30.082306,2024.10.22-21.09.03
-30.082512,2024.10.22-21.09.03
-30.091642,2024.10.22-21.09.03
-30.088837,2024.10.22-21.09.03
-30.081156,2024.10.22-21.09.03
-30.089809,2024.10.22-21.09.03
-30.085663,2024.10.22-21.09.03
-30.096142,2024.10.22-21.09.03
-30.097948,2024.10.22-21.09.03
-30.099365,2024.10.22-21.09.03
-30.108398,2024.10.22-21.09.03
-30.101608,2024.10.22-21.09.03
-30.104282,2024.10.22-21.09.03
-30.097923,2024.10.22-21.09.03
-30.101868,2024.10.22-21.09.03
-30.103661,2024.10.22-21.09.03
-30.105474,2024.10.22-21.09.03
-30.099276,2024.10.22-21.09.03
-30.109457,2024.10.22-21.09.03
-30.095520,2024.10.22-21.09.03
-30.105925,2024.10.22-21.09.03
-30.108530,2024.10.22-21.09.03
-30.106222,2024.10.22-21.09.03
-30.097292,2024.10.22-21.09.03
-30.123007,2024.10.22-21.09.03
-30.108265,2024.10.22-21.09.03
-30.106461,2024.10.22-21.09.03
-30.106598,2024.10.22-21.09.03
-30.113277,2024.10.22-21.09.03
-30.112192,2024.10.22-21.09.03
-30.105776,2024.10.22-21.09.03
-30.113113,2024.10.22-21.09.04
-30.110331,2024.10.22-21.09.04
-30.120609,2024.10.22-21.09.04
-30.127539,2024.10.22-21.09.04
-30.108534,2024.10.22-21.09.04
-30.106949,2024.10.22-21.09.04
-30.120638,2024.10.22-21.09.04
-30.123083,2024.10.22-21.09.04
-30.129845,2024.10.22-21.09.04
-30.109228,2024.10.22-21.09.04
-30.113951,2024.10.22-21.09.04
-30.117727,2024.10.22-21.09.04
-30.133007,2024.10.22-21.09.04
-30.113869,2024.10.22-21.09.04
-30.108658,2024.10.22-21.09.04
-30.112249,2024.10.22-21.09.04
-30.109501,2024.10.22-21.09.04
-30.121944,2024.10.22-21.09.04
-30.115135,2024.10.22-21.09.04
-30.126501,2024.10.22-21.09.04
-30.126173,2024.10.22-21.09.04
-30.135998,2024.10.22-21.09.04
-30.131416,2024.10.22-21.09.04
-30.107523,2024.10.22-21.09.04
-30.119364,2024.10.22-21.09.04
-30.129715,2024.10.22-21.09.04
-30.119390,2024.10.22-21.09.04
-30.103060,2024.10.22-21.09.04
-30.108011,2024.10.22-21.09.04
-30.105106,2024.10.22-21.09.04
-30.108019,2024.10.22-21.09.04
-30.108572,2024.10.22-21.09.04
-30.109846,2024.10.22-21.09.04
-30.115904,2024.10.22-21.09.04
-30.112305,2024.10.22-21.09.04
-30.094252,2024.10.22-21.09.04
-30.108019,2024.10.22-21.09.04
-30.111912,2024.10.22-21.09.04
-30.104815,2024.10.22-21.09.04
-30.100283,2024.10.22-21.09.04
-30.092163,2024.10.22-21.09.04
-30.102093,2024.10.22-21.09.04
-30.100451,2024.10.22-21.09.04
-30.101622,2024.10.22-21.09.04
-30.089909,2024.10.22-21.09.04
-30.103739,2024.10.22-21.09.05
-30.114668,2024.10.22-21.09.05
-30.113337,2024.10.22-21.09.05
-30.111820,2024.10.22-21.09.05
-30.106131,2024.10.22-21.09.05
-30.116730,2024.10.22-21.09.05
-30.105215,2024.10.22-21.09.05
-30.103029,2024.10.22-21.09.05
-30.102432,2024.10.22-21.09.05
-30.106441,2024.10.22-21.09.05
-30.098555,2024.10.22-21.09.05
-30.103361,2024.10.22-21.09.05
-30.079857,2024.10.22-21.09.05
-30.098228,2024.10.22-21.09.05
-30.099464,2024.10.22-21.09.05
-30.109085,2024.10.22-21.09.05
-30.093050,2024.10.22-21.09.05
-30.107813,2024.10.22-21.09.05
-30.102791,2024.10.22-21.09.05
-30.100218,2024.10.22-21.09.05
-30.101305,2024.10.22-21.09.05
-30.097240,2024.10.22-21.09.05
-30.095533,2024.10.22-21.09.05
-30.092262,2024.10.22-21.09.05
-30.103630,2024.10.22-21.09.05
-30.095144,2024.10.22-21.09.05
-30.097914,2024.10.22-21.09.05
-30.107622,2024.10.22-21.09.05
-30.103405,2024.10.22-21.09.05
-30.093573,2024.10.22-21.09.05
-30.089256,2024.10.22-21.09.05
-30.100998,2024.10.22-21.09.05
-30.100731,2024.10.22-21.09.05
-30.116859,2024.10.22-21.09.05
-30.114655,2024.10.22-21.09.05
-30.109362,2024.10.22-21.09.05
-30.102903,2024.10.22-21.09.05
-30.116776,2024.10.22-21.09.05
-30.111303,2024.10.22-21.09.05
-30.124065,2024.10.22-21.09.05
-30.132410,2024.10.22-21.09.05
-30.124886,2024.10.22-21.09.05
-30.117014,2024.10.22-21.09.05
-30.109821,2024.10.22-21.09.05
-30.124493,2024.10.22-21.09.05
-30.115973,2024.10.22-21.09.06
-30.113514,2024.10.22-21.09.06
-30.118555,2024.10.22-21.09.06
-30.119026,2024.10.22-21.09.06
-30.116941,2024.10.22-21.09.06
-30.111280,2024.10.22-21.09.06
-30.114729,2024.10.22-21.09.06
-30.113600,2024.10.22-21.09.06
-30.106615,2024.10.22-21.09.06
-30.103445,2024.10.22-21.09.06
-30.125547,2024.10.22-21.09.06
-30.110828,2024.10.22-21.09.06
-30.107124,2024.10.22-21.09.06
-30.112995,2024.10.22-21.09.06
-30.114849,2024.10.22-21.09.06
-30.087273,2024.10.22-21.09.06
-30.097858,2024.10.22-21.09.06
-30.091545,2024.10.22-21.09.06
-30.083134,2024.10.22-21.09.06
-30.098211,2024.10.22-21.09.06
-30.090130,2024.10.22-21.09.06
-30.095081,2024.10.22-21.09.06
-30.104326,2024.10.22-21.09.06
-30.100126,2024.10.22-21.09.06
-30.083942,2024.10.22-21.09.06
-30.085657,2024.10.22-21.09.06
-30.098726,2024.10.22-21.09.06
-30.102978,2024.10.22-21.09.06
-30.086033,2024.10.22-21.09.06
-30.093422,2024.10.22-21.09.06
-30.082546,2024.10.22-21.09.06
-30.084150,2024.10.22-21.09.06
-30.079441,2024.10.22-21.09.06
-30.086020,2024.10.22-21.09.06
-30.076880,2024.10.22-21.09.06
-30.090765,2024.10.22-21.09.06
-30.081808,2024.10.22-21.09.06
-30.073215,2024.10.22-21.09.06
-30.077133,2024.10.22-21.09.06
-30.069435,2024.10.22-21.09.06
-30.085985,2024.10.22-21.09.06
-30.068693,2024.10.22-21.09.06
-30.076675,2024.10.22-21.09.06
-30.056902,2024.10.22-21.09.06
-30.055969,2024.10.22-21.09.06
-30.063004,2024.10.22-21.09.07
-30.055208,2024.10.22-21.09.07
-30.064545,2024.10.22-21.09.07
-30.061304,2024.10.22-21.09.07
-30.063637,2024.10.22-21.09.07
-30.054739,2024.10.22-21.09.07
-30.053162,2024.10.22-21.09.07
-30.060215,2024.10.22-21.09.07
-30.060160,2024.10.22-21.09.07
-30.047155,2024.10.22-21.09.07
-30.042627,2024.10.22-21.09.07
-30.026245,2024.10.22-21.09.07
-30.042299,2024.10.22-21.09.07
-30.036303,2024.10.22-21.09.07
-30.040243,2024.10.22-21.09.07
-30.033064,2024.10.22-21.09.07
-30.040119,2024.10.22-21.09.07
-30.041229,2024.10.22-21.09.07
-30.022430,2024.10.22-21.09.07
-30.016180,2024.10.22-21.09.07
-30.031151,2024.10.22-21.09.07
-30.024448,2024.10.22-21.09.07
-30.017563,2024.10.22-21.09.07
-30.016945,2024.10.22-21.09.07
-30.019417,2024.10.22-21.09.07
-30.031084,2024.10.22-21.09.07
-30.027662,2024.10.22-21.09.07
-30.025278,2024.10.22-21.09.07
-30.017057,2024.10.22-21.09.07
-30.019333,2024.10.22-21.09.07
-30.030066,2024.10.22-21.09.07
-30.012348,2024.10.22-21.09.07
-30.024401,2024.10.22-21.09.07
-30.023485,2024.10.22-21.09.07
-30.022091,2024.10.22-21.09.07
-30.019295,2024.10.22-21.09.07
-30.004606,2024.10.22-21.09.07
-30.008244,2024.10.22-21.09.07
-30.001581,2024.10.22-21.09.07
-30.017324,2024.10.22-21.09.07
-30.003195,2024.10.22-21.09.07
-30.007215,2024.10.22-21.09.07
-29.997715,2024.10.22-21.09.07
-30.015562,2024.10.22-21.09.07
-30.015053,2024.10.22-21.09.07
-30.004148,2024.10.22-21.09.08
-30.011635,2024.10.22-21.09.08
-30.019943,2024.10.22-21.09.08
-30.008305,2024.10.22-21.09.08
-30.008883,2024.10.22-21.09.08
-30.005363,2024.10.22-21.09.08
-30.001034,2024.10.22-21.09.08
-30.002619,2024.10.22-21.09.08
-29.999638,2024.10.22-21.09.08
-30.003876,2024.10.22-21.09.08
-30.002998,2024.10.22-21.09.08
-29.996628,2024.10.22-21.09.08
-29.999397,2024.10.22-21.09.08
-29.993124,2024.10.22-21.09.08
-29.991724,2024.10.22-21.09.08
-29.995245,2024.10.22-21.09.08
-29.997456,2024.10.22-21.09.08
-29.992882,2024.10.22-21.09.08
-29.986673,2024.10.22-21.09.08
-29.988949,2024.10.22-21.09.08
-29.977337,2024.10.22-21.09.08
-29.986059,2024.10.22-21.09.08
-29.998226,2024.10.22-21.09.08
-29.991871,2024.10.22-21.09.08
-29.986937,2024.10.22-21.09.08
-29.987537,2024.10.22-21.09.08
-29.988380,2024.10.22-21.09.08
-29.986059,2024.10.22-21.09.08
-29.983412,2024.10.22-21.09.08
-29.979837,2024.10.22-21.09.08
-29.987400,2024.10.22-21.09.08
-29.977316,2024.10.22-21.09.08
-29.979559,2024.10.22-21.09.08
-29.977898,2024.10.22-21.09.08
-29.978811,2024.10.22-21.09.08
-29.967716,2024.10.22-21.09.08
-29.974854,2024.10.22-21.09.08
-29.968212,2024.10.22-21.09.08
